mcap_cap,fcf_min,fcf_yoy_min,n,median,mean,win,ge20,le_m20,years
50000000000.0,0.0,12.5,19,13.725490196078427,21.322313921579283,1.0,0.3157894736842105,0.0,3
50000000000.0,2.5,12.5,17,13.725490196078427,21.225413169825753,1.0,0.29411764705882354,0.0,3
50000000000.0,0.0,15.0,11,13.725490196078427,25.466896381466405,1.0,0.36363636363636365,0.0,3
50000000000.0,7.5,12.5,11,13.725490196078427,23.874513543832823,1.0,0.2727272727272727,0.0,3
40000000000.0,7.5,5.0,12,12.939760741841866,27.50910250609611,1.0,0.3333333333333333,0.0,3
50000000000.0,7.5,10.0,12,12.939760741841866,22.740427975652064,1.0,0.25,0.0,3
50000000000.0,10.0,0.0,12,12.939760741841866,21.31527121885001,1.0,0.25,0.0,3
50000000000.0,10.0,5.0,12,12.939760741841866,21.31527121885001,1.0,0.25,0.0,3
40000000000.0,10.0,0.0,10,12.939760741841866,23.413523871731464,1.0,0.3,0.0,3
40000000000.0,10.0,5.0,10,12.939760741841866,23.413523871731464,1.0,0.3,0.0,3
50000000000.0,2.5,15.0,10,12.939760741841866,23.704009182196565,1.0,0.3,0.0,3
50000000000.0,10.0,10.0,10,12.939760741841866,22.095776215806573,1.0,0.2,0.0,3
50000000000.0,7.5,5.0,16,12.939760741841866,24.588232426884097,0.9375,0.3125,0.0,3
50000000000.0,5.0,12.5,13,12.154031287605305,21.08763358546362,1.0,0.23076923076923078,0.0,3
40000000000.0,7.5,0.0,13,12.154031287605305,24.333241560759348,0.9230769230769231,0.3076923076923077,0.0,3
40000000000.0,5.0,5.0,15,11.945392491467576,23.48500204852575,1.0,0.26666666666666666,0.0,3
50000000000.0,0.0,10.0,22,11.209759006634513,19.4954566769987,1.0,0.2727272727272727,0.0,3
50000000000.0,2.5,10.0,20,11.209759006634513,19.230405313550143,1.0,0.25,0.0,3
50000000000.0,5.0,10.0,14,11.209759006634513,20.314623095477913,1.0,0.21428571428571427,0.0,3
40000000000.0,5.0,10.0,10,11.209759006634513,21.80725877792349,1.0,0.2,0.0,3
50000000000.0,7.5,0.0,18,11.209759006634513,21.25245982368573,0.8888888888888888,0.2777777777777778,0.0,3
40000000000.0,5.0,0.0,16,11.105439608565648,21.15612130903778,0.9375,0.25,0.0,3
40000000000.0,2.5,12.5,10,10.858436408829974,21.48825727516844,1.0,0.2,0.0,3
60000000000.0,0.0,12.5,22,10.858436408829974,18.628114620303226,0.9545454545454546,0.2727272727272727,0.0,3
60000000000.0,2.5,12.5,20,10.858436408829974,18.276329051185115,0.95,0.25,0.0,3
60000000000.0,0.0,15.0,14,10.858436408829974,20.345029809485364,0.9285714285714286,0.2857142857142857,0.0,3
60000000000.0,7.5,12.5,14,10.858436408829974,19.093871865630398,0.9285714285714286,0.21428571428571427,0.0,3
60000000000.0,10.0,12.5,12,10.735917474085511,17.948902714088874,0.9166666666666666,0.16666666666666666,0.0,3
60000000000.0,10.0,0.0,15,10.26548672566372,17.365187450857643,0.9333333333333333,0.2,0.0,3
60000000000.0,10.0,5.0,15,10.26548672566372,17.365187450857643,0.9333333333333333,0.2,0.0,3
60000000000.0,10.0,10.0,13,10.26548672566372,17.357870714979246,0.9230769230769231,0.15384615384615385,0.0,3
50000000000.0,5.0,5.0,21,10.26548672566372,19.82983423230716,0.9047619047619048,0.23809523809523808,0.0,3
40000000000.0,2.5,10.0,12,10.1820044465757,19.603881803736318,1.0,0.16666666666666666,0.0,3
40000000000.0,2.5,5.0,18,10.1820044465757,19.865548095276797,0.9444444444444444,0.2222222222222222,0.0,3
100000000000.0,0.0,12.5,29,10.106382978723394,18.56915431629131,0.9655172413793104,0.3103448275862069,0.0,3
100000000000.0,2.5,12.5,27,10.106382978723394,18.304204983314055,0.9629629629629629,0.2962962962962963,0.0,3
100000000000.0,0.0,15.0,21,10.106382978723394,19.69130337421772,0.9523809523809523,0.3333333333333333,0.0,3
100000000000.0,7.5,12.5,19,10.106382978723394,17.780849211266364,0.9473684210526315,0.2631578947368421,0.0,3
40000000000.0,0.0,10.0,13,10.098522167487678,18.187904145664582,1.0,0.15384615384615385,0.0,3
50000000000.0,2.5,5.0,29,10.098522167487678,16.815533681881444,0.8620689655172413,0.2413793103448276,0.0,3
60000000000.0,7.5,10.0,16,9.914164127859182,17.37358169741279,0.9375,0.1875,0.0,3
60000000000.0,7.5,5.0,20,9.914164127859182,19.92519451404627,0.9,0.25,0.0,3
100000000000.0,2.5,15.0,20,9.907560421400529,18.52108012422037,0.95,0.3,0.0,3
80000000000.0,7.5,12.5,18,9.907560421400529,17.417110439646475,0.9444444444444444,0.2222222222222222,0.0,3
80000000000.0,10.0,12.5,16,9.907560421400529,16.34878839774234,0.9375,0.1875,0.0,3
100000000000.0,10.0,12.5,16,9.907560421400529,16.34878839774234,0.9375,0.1875,0.0,3
60000000000.0,0.0,10.0,26,9.83068184877116,16.69200839787505,0.9615384615384616,0.23076923076923078,0.0,3
60000000000.0,2.5,10.0,24,9.83068184877116,16.23751157174095,0.9583333333333334,0.20833333333333334,0.0,3
80000000000.0,0.0,12.5,27,9.708737864077666,16.981937164499328,0.9629629629629629,0.25925925925925924,0.0,3
80000000000.0,2.5,12.5,25,9.708737864077666,16.56881451274053,0.96,0.24,0.0,3
80000000000.0,0.0,15.0,19,9.708737864077666,17.55390521724242,0.9473684210526315,0.2631578947368421,0.0,3
100000000000.0,7.5,15.0,17,9.708737864077666,16.340266362613207,0.9411764705882353,0.23529411764705882,0.0,3
80000000000.0,10.0,15.0,15,9.708737864077666,16.25956930226303,0.9333333333333333,0.2,0.0,3
100000000000.0,10.0,15.0,15,9.708737864077666,16.25956930226303,0.9333333333333333,0.2,0.0,3
100000000000.0,5.0,12.5,22,9.635789697066155,15.993441938314861,0.9545454545454546,0.22727272727272727,0.0,3
100000000000.0,0.0,10.0,36,9.635789697066155,14.277323307412116,0.9444444444444444,0.25,0.027777777777777776,3
80000000000.0,2.5,15.0,18,9.635789697066155,16.134912819635616,0.9444444444444444,0.2222222222222222,0.0,3
100000000000.0,5.0,15.0,18,9.635789697066155,15.571362675801359,0.9444444444444444,0.2222222222222222,0.0,3
100000000000.0,2.5,10.0,34,9.635789697066155,13.814461718937284,0.9411764705882353,0.23529411764705882,0.029411764705882353,3
80000000000.0,7.5,15.0,16,9.635789697066155,15.841023816500009,0.9375,0.1875,0.0,3
100000000000.0,7.5,10.0,24,9.635789697066155,12.491820968756153,0.9166666666666666,0.20833333333333334,0.041666666666666664,3
100000000000.0,7.5,5.0,30,9.635789697066155,14.592086239040723,0.9,0.23333333333333334,0.03333333333333333,3
150000000000.0,7.5,12.5,22,9.635789697066155,14.866528265207291,0.8181818181818182,0.22727272727272727,0.0,3
200000000000.0,7.5,12.5,22,9.635789697066155,14.866528265207291,0.8181818181818182,0.22727272727272727,0.0,3
150000000000.0,0.0,15.0,26,9.635789697066155,16.064580783349427,0.8076923076923077,0.2692307692307692,0.0,3
200000000000.0,0.0,15.0,26,9.635789697066155,16.064580783349427,0.8076923076923077,0.2692307692307692,0.0,3
40000000000.0,0.0,12.5,11,9.562841530054644,19.64352227277165,1.0,0.18181818181818182,0.0,3
80000000000.0,5.0,12.5,21,9.562841530054644,15.596551216309644,0.9523809523809523,0.19047619047619047,0.0,3
80000000000.0,5.0,15.0,17,9.562841530054644,15.056257709647065,0.9411764705882353,0.17647058823529413,0.0,3
60000000000.0,2.5,15.0,13,9.562841530054644,18.594972996817706,0.9230769230769231,0.23076923076923078,0.0,3
80000000000.0,7.5,10.0,23,9.562841530054644,11.977198093466233,0.9130434782608695,0.17391304347826086,0.043478260869565216,3
80000000000.0,7.5,5.0,27,9.562841530054644,14.666745898964598,0.8888888888888888,0.2222222222222222,0.037037037037037035,3
40000000000.0,0.0,5.0,23,9.562841530054644,15.852219997278533,0.8695652173913043,0.21739130434782608,0.0,3
150000000000.0,7.5,15.0,19,9.562841530054644,14.209081121090186,0.8421052631578947,0.21052631578947367,0.0,3
200000000000.0,7.5,15.0,19,9.562841530054644,14.209081121090186,0.8421052631578947,0.21052631578947367,0.0,3
50000000000.0,0.0,5.0,35,9.562841530054644,15.364783982032872,0.8285714285714286,0.2571428571428571,0.0,3
150000000000.0,2.5,12.5,33,9.562841530054644,15.012567810369784,0.8181818181818182,0.24242424242424243,0.0,3
200000000000.0,2.5,12.5,33,9.562841530054644,15.012567810369784,0.8181818181818182,0.24242424242424243,0.0,3
150000000000.0,2.5,15.0,25,9.562841530054644,14.983333279716808,0.8,0.24,0.0,3
200000000000.0,2.5,15.0,25,9.562841530054644,14.983333279716808,0.8,0.24,0.0,3
80000000000.0,10.0,5.0,22,9.51327076232169,11.726184579726516,0.9090909090909091,0.18181818181818182,0.045454545454545456,3
100000000000.0,10.0,5.0,22,9.51327076232169,11.726184579726516,0.9090909090909091,0.18181818181818182,0.045454545454545456,3
80000000000.0,10.0,10.0,20,9.51327076232169,11.157528414292447,0.9,0.15,0.05,3
100000000000.0,10.0,10.0,20,9.51327076232169,11.157528414292447,0.9,0.15,0.05,3
60000000000.0,5.0,10.0,18,9.44032259531018,16.083160821526146,0.9444444444444444,0.16666666666666666,0.0,3
80000000000.0,0.0,10.0,34,9.44032259531018,12.764425509878533,0.9411764705882353,0.20588235294117646,0.029411764705882353,3
80000000000.0,2.5,10.0,32,9.44032259531018,12.17807895977817,0.9375,0.1875,0.03125,3
60000000000.0,5.0,12.5,16,9.44032259531018,17.427112109230723,0.9375,0.1875,0.0,3
60000000000.0,5.0,15.0,12,9.44032259531018,17.27188327243243,0.9166666666666666,0.16666666666666666,0.0,3
60000000000.0,7.5,15.0,12,9.44032259531018,17.27188327243243,0.9166666666666666,0.16666666666666666,0.0,3
150000000000.0,0.0,12.5,36,9.44032259531018,15.162222547180685,0.8333333333333334,0.25,0.0,3
200000000000.0,0.0,12.5,36,9.44032259531018,15.162222547180685,0.8333333333333334,0.25,0.0,3
50000000000.0,5.0,0.0,24,9.44032259531018,16.59881570311033,0.8333333333333334,0.20833333333333334,0.0,3
150000000000.0,5.0,15.0,22,9.44032259531018,13.030922737551315,0.8181818181818182,0.18181818181818182,0.0,3
200000000000.0,5.0,15.0,22,9.44032259531018,13.030922737551315,0.8181818181818182,0.18181818181818182,0.0,3
100000000000.0,5.0,10.0,27,9.317803660565716,11.623084847370878,0.9259259259259259,0.18518518518518517,0.037037037037037035,3
60000000000.0,10.0,15.0,11,9.317803660565716,17.97270524901223,0.9090909090909091,0.18181818181818182,0.0,3
60000000000.0,5.0,5.0,25,9.317803660565716,16.86074761316921,0.88,0.2,0.0,3
80000000000.0,10.0,0.0,23,9.317803660565716,11.14916551699342,0.8695652173913043,0.17391304347826086,0.043478260869565216,3
100000000000.0,10.0,0.0,23,9.317803660565716,11.14916551699342,0.8695652173913043,0.17391304347826086,0.043478260869565216,3
100000000000.0,7.5,0.0,35,9.317803660565716,14.50443426820873,0.8285714285714286,0.22857142857142856,0.02857142857142857,3
40000000000.0,2.5,0.0,23,9.317803660565716,14.594807086869276,0.8260869565217391,0.17391304347826086,0.043478260869565216,3
60000000000.0,7.5,0.0,23,9.317803660565716,16.700583175946555,0.8260869565217391,0.21739130434782608,0.0,3
150000000000.0,10.0,15.0,17,9.317803660565716,13.887150157072616,0.8235294117647058,0.17647058823529413,0.0,3
200000000000.0,10.0,15.0,17,9.317803660565716,13.887150157072616,0.8235294117647058,0.17647058823529413,0.0,3
150000000000.0,5.0,12.5,27,9.317803660565716,13.158924755142287,0.8148148148148148,0.18518518518518517,0.0,3
200000000000.0,5.0,12.5,27,9.317803660565716,13.158924755142287,0.8148148148148148,0.18518518518518517,0.0,3
150000000000.0,10.0,12.5,19,9.317803660565716,13.200426378125103,0.7894736842105263,0.15789473684210525,0.0,3
200000000000.0,10.0,12.5,19,9.317803660565716,13.200426378125103,0.7894736842105263,0.15789473684210525,0.0,3
80000000000.0,5.0,10.0,26,9.258901830282863,11.134428606868822,0.9230769230769231,0.15384615384615385,0.038461538461538464,3
100000000000.0,5.0,5.0,36,9.258901830282863,12.868816311653513,0.8888888888888888,0.19444444444444445,0.027777777777777776,3
150000000000.0,2.5,10.0,42,9.258901830282863,11.423556452877747,0.8095238095238095,0.19047619047619047,0.023809523809523808,3
80000000000.0,5.0,5.0,33,9.200000000000008,12.773240585465118,0.8787878787878788,0.18181818181818182,0.030303030303030304,3
150000000000.0,0.0,10.0,45,9.200000000000008,11.782547666159271,0.8222222222222222,0.2,0.022222222222222223,3
50000000000.0,2.5,0.0,36,8.358542141230075,12.818703384362559,0.7777777777777778,0.19444444444444445,0.027777777777777776,3
40000000000.0,0.0,0.0,30,8.358542141230075,11.426772666693346,0.7666666666666667,0.16666666666666666,0.03333333333333333,3
80000000000.0,7.5,0.0,32,8.197363368744393,14.559210984004,0.8125,0.21875,0.03125,3
150000000000.0,7.5,10.0,28,8.197363368744393,10.212652392633006,0.7857142857142857,0.17857142857142858,0.03571428571428571,3
200000000000.0,2.5,10.0,44,8.138461538461538,10.929556412090374,0.7954545454545454,0.18181818181818182,0.022727272727272728,3
60000000000.0,2.5,5.0,36,8.138461538461538,12.976639075374186,0.7777777777777778,0.19444444444444445,0.0,3
60000000000.0,0.0,5.0,44,8.138461538461538,13.68678137594484,0.7727272727272727,0.25,0.0,3
50000000000.0,0.0,0.0,45,7.51708428246014,12.23299579249555,0.7555555555555555,0.2222222222222222,0.022222222222222223,3
60000000000.0,5.0,0.0,29,7.0769230769230695,13.79105907224398,0.7931034482758621,0.1724137931034483,0.0,3
150000000000.0,5.0,10.0,33,7.0769230769230695,9.520654956000167,0.7878787878787878,0.15151515151515152,0.030303030303030304,3
150000000000.0,10.0,10.0,23,7.0769230769230695,9.233828482884716,0.782608695652174,0.13043478260869565,0.043478260869565216,3
150000000000.0,7.5,5.0,35,7.0769230769230695,11.952882218225534,0.7714285714285715,0.2,0.02857142857142857,3
200000000000.0,7.5,10.0,29,7.0769230769230695,9.860491965300833,0.7586206896551724,0.1724137931034483,0.034482758620689655,3
200000000000.0,0.0,10.0,48,7.076197387518135,11.169141341889969,0.8125,0.1875,0.020833333333333332,3
30000000000.0,2.5,0.0,11,7.0754716981132,5.020061057807182,0.8181818181818182,0.0,0.0,3
100000000000.0,2.5,5.0,51,7.0754716981132,10.290801452369182,0.803921568627451,0.19607843137254902,0.0392156862745098,3
30000000000.0,0.0,0.0,13,7.0754716981132,3.9664671129822633,0.7692307692307693,0.0,0.0,3
100000000000.0,0.0,5.0,60,6.724986845072534,11.104412498182707,0.8,0.23333333333333334,0.03333333333333333,3
100000000000.0,5.0,0.0,44,6.551207772528745,12.298244192515948,0.8181818181818182,0.18181818181818182,0.022727272727272728,3
150000000000.0,5.0,5.0,44,6.551207772528745,10.675115922403764,0.7727272727272727,0.1590909090909091,0.022727272727272728,3
150000000000.0,10.0,5.0,26,6.551207772528745,9.293895165291477,0.7692307692307693,0.15384615384615385,0.038461538461538464,3
200000000000.0,7.5,5.0,36,6.551207772528745,11.620857712163712,0.75,0.19444444444444445,0.027777777777777776,3
80000000000.0,2.5,5.0,46,6.55048208312381,10.208596035742795,0.8043478260869565,0.17391304347826086,0.021739130434782608,3
150000000000.0,2.5,5.0,64,6.55048208312381,9.186133105431352,0.734375,0.171875,0.03125,3
80000000000.0,0.0,5.0,55,6.374501992031867,11.109623517532777,0.8,0.21818181818181817,0.01818181818181818,3
60000000000.0,0.0,0.0,60,6.368009391961948,10.87403416152497,0.7,0.21666666666666667,0.016666666666666666,3
150000000000.0,0.0,5.0,74,6.253917662682595,9.938915241906408,0.7432432432432432,0.20270270270270271,0.02702702702702703,3
80000000000.0,5.0,0.0,41,6.025492468134419,12.17956820906157,0.8048780487804879,0.17073170731707318,0.024390243902439025,3
150000000000.0,10.0,0.0,27,6.025492468134419,8.892445201275697,0.7407407407407407,0.14814814814814814,0.037037037037037035,3
200000000000.0,10.0,5.0,27,6.025492468134419,8.949676825836239,0.7407407407407407,0.14814814814814814,0.037037037037037035,3
200000000000.0,10.0,10.0,24,5.925729442970818,8.849085629431187,0.75,0.125,0.041666666666666664,3
100000000000.0,0.0,0.0,91,5.4711246200607855,9.370907092431004,0.7142857142857143,0.2087912087912088,0.03296703296703297,3
200000000000.0,5.0,5.0,48,5.400014138576492,9.694118516703147,0.75,0.14583333333333334,0.020833333333333332,3
150000000000.0,7.5,0.0,40,5.400014138576492,12.206087246349437,0.725,0.2,0.025,3
200000000000.0,10.0,0.0,28,5.400014138576492,8.574857872658706,0.7142857142857143,0.14285714285714285,0.03571428571428571,3
80000000000.0,0.0,0.0,80,5.122830214539675,9.59819030176996,0.7125,0.2,0.025,3
60000000000.0,2.5,0.0,46,5.122830214539675,9.23381648360175,0.6739130434782609,0.15217391304347827,0.021739130434782608,3
150000000000.0,0.0,0.0,114,5.122830214539675,7.845032292157887,0.6666666666666666,0.18421052631578946,0.043859649122807015,3
200000000000.0,0.0,5.0,81,4.793028322440085,8.886899354392582,0.7160493827160493,0.18518518518518517,0.024691358024691357,3
200000000000.0,5.0,10.0,35,4.774535809018565,9.008363561689047,0.7714285714285715,0.14285714285714285,0.02857142857142857,3
200000000000.0,7.5,0.0,41,4.774535809018565,11.908377801316524,0.7073170731707317,0.1951219512195122,0.024390243902439025,3
200000000000.0,2.5,5.0,70,4.679378778709708,8.106837288998449,0.7,0.15714285714285714,0.02857142857142857,3
150000000000.0,5.0,0.0,53,4.584221748400852,10.216365505349595,0.7169811320754716,0.1509433962264151,0.018867924528301886,3
80000000000.0,2.5,0.0,63,4.584221748400852,8.60411410286656,0.7142857142857143,0.15873015873015872,0.031746031746031744,3
100000000000.0,2.5,0.0,70,4.025891634826828,8.474833261666998,0.7142857142857143,0.17142857142857143,0.04285714285714286,3
200000000000.0,5.0,0.0,57,3.4675615212528044,9.422455438587965,0.7017543859649122,0.14035087719298245,0.017543859649122806,3
150000000000.0,2.5,0.0,84,3.439817506033227,7.740915320714949,0.6666666666666666,0.15476190476190477,0.03571428571428571,3
200000000000.0,0.0,0.0,128,3.439817506033227,6.449907261570896,0.6328125,0.1640625,0.0546875,3
200000000000.0,2.5,0.0,91,2.9096477794793296,6.837760580700062,0.6373626373626373,0.14285714285714285,0.03296703296703297,3
