corp_code,company_name,business_year,fiscal_quarter,statement_basis,operating_profit_q,prior_year_same_q_operating_profit,op_turnaround_yoy,net_income_ttm,ttm_exact_four_quarters,ttm_same_basis,equity_q_end,fcf_q,prior_year_same_q_fcf,fcf_yoy_improvement,base_a_accounting_only,receipt_no,receipt_date,signal_date_status,mcap_status,modern_oos_protected
00100258,주식회사 에스마크,2016,Q1,CFS,-3176470462.0,,False,,False,False,24285388306.0,-4639988195.0,,,False,,,NOT_CONFIRMED,NOT_AVAILABLE_KRX_PENDING,True
00100258,주식회사 에스마크,2016,Q2,CFS,-3926257233.0,,False,,False,False,29062431958.0,,,,False,,,NOT_CONFIRMED,NOT_AVAILABLE_KRX_PENDING,True
00100258,주식회사 에스마크,2016,Q3,CFS,-6158943470.0,,False,,False,False,39893902042.0,,,,False,,,NOT_CONFIRMED,NOT_AVAILABLE_KRX_PENDING,True
00100258,주식회사 에스마크,2016,Q4,CFS,-2995341327.0,,False,-20911963294.0,True,True,47442925425.0,-12571496372.0,,,False,,,NOT_CONFIRMED,NOT_AVAILABLE_KRX_PENDING,True
00100601,,2015,Q1,OFS,132942297.0,,False,,False,False,52042594369.0,-5676701480.0,,,False,20150515001283.0,20150515.0,NOT_CONFIRMED,NOT_AVAILABLE_KRX_PENDING,True
00100601,,2015,Q2,OFS,-419626528.0,,False,,False,False,54301074783.0,3731465513.0,,,False,20150817000816.0,20150817.0,NOT_CONFIRMED,NOT_AVAILABLE_KRX_PENDING,True
00100601,,2015,Q3,CFS,,,False,,False,False,56573764626.0,,,,False,20151116000261.0,20151116.0,NOT_CONFIRMED,NOT_AVAILABLE_KRX_PENDING,True
00100601,,2015,Q4,CFS,293731931.0,,False,,True,False,56583900588.0,,,,False,,,NOT_CONFIRMED,NOT_AVAILABLE_KRX_PENDING,True
00100601,(주)웰크론강원,2016,Q1,CFS,74820720.0,132942297.0,False,,True,False,57157936530.0,,-5676701480.0,,False,,,NOT_CONFIRMED,NOT_AVAILABLE_KRX_PENDING,True
00100601,(주)웰크론강원,2016,Q2,CFS,-7279454.0,-419626528.0,False,,True,True,55459091631.0,,3731465513.0,,False,,,NOT_CONFIRMED,NOT_AVAILABLE_KRX_PENDING,True
00100601,(주)웰크론강원,2016,Q3,CFS,-2201432677.0,,False,-3043224888.0,True,True,53133437539.0,,,,False,,,NOT_CONFIRMED,NOT_AVAILABLE_KRX_PENDING,True
00100601,(주)웰크론강원,2016,Q4,CFS,822701396.0,293731931.0,False,-1125370879.0,True,True,55088689748.0,,,,False,,,NOT_CONFIRMED,NOT_AVAILABLE_KRX_PENDING,True
00100717,,2015,Q1,CFS,843842173.0,,False,,False,False,42999168120.0,-314325536.0,,,False,20150514005164.0,20150514.0,NOT_CONFIRMED,NOT_AVAILABLE_KRX_PENDING,True
00100717,,2015,Q2,CFS,-1042398.0,,False,,False,False,62151390249.0,967219982.0,,,False,20150813000358.0,20150813.0,NOT_CONFIRMED,NOT_AVAILABLE_KRX_PENDING,True
00100717,,2015,Q3,CFS,-448515335.0,,False,,False,False,65621210621.0,370496367.0,,,False,20151113000903.0,20151113.0,NOT_CONFIRMED,NOT_AVAILABLE_KRX_PENDING,True
00100717,,2015,Q4,CFS,-618267123.0,,False,-12371237076.0,True,True,56027347742.0,-70451972.0,,,False,,,NOT_CONFIRMED,NOT_AVAILABLE_KRX_PENDING,True
00100717,(주)아이이,2016,Q1,CFS,-706294538.0,843842173.0,False,-13730933778.0,True,True,54654817500.0,,-314325536.0,,False,,,NOT_CONFIRMED,NOT_AVAILABLE_KRX_PENDING,True
00100717,(주)아이이,2016,Q2,CFS,-1083829408.0,-1042398.0,False,-14743704951.0,True,True,54691931525.0,,967219982.0,,False,,,NOT_CONFIRMED,NOT_AVAILABLE_KRX_PENDING,True
00100717,(주)아이이,2016,Q3,CFS,-410696210.0,-448515335.0,False,-27398850387.0,True,True,128141275552.0,-435177425.0,370496367.0,-805673792.0,False,,,NOT_CONFIRMED,NOT_AVAILABLE_KRX_PENDING,True
00100717,(주)아이이,2016,Q4,CFS,-1550297537.0,-618267123.0,False,-142116069548.0,True,True,9306767612.0,7246565556.0,-70451972.0,7317017528.0,False,,,NOT_CONFIRMED,NOT_AVAILABLE_KRX_PENDING,True
00100957,,2015,Q1,,,,False,,False,False,,,,,False,20150515000632.0,20150515.0,NOT_CONFIRMED,NOT_AVAILABLE_KRX_PENDING,True
00100957,,2015,Q2,,,,False,,False,False,,,,,False,20150813001403.0,20150813.0,NOT_CONFIRMED,NOT_AVAILABLE_KRX_PENDING,True
00100957,,2015,Q3,,,,False,,False,False,,,,,False,20151113001083.0,20151113.0,NOT_CONFIRMED,NOT_AVAILABLE_KRX_PENDING,True
00100957,,2015,Q4,CFS,,,False,,True,False,,,,,False,,,NOT_CONFIRMED,NOT_AVAILABLE_KRX_PENDING,True
00101044,,2015,Q1,CFS,-242825492.0,,False,,False,False,62448512662.0,1215691821.0,,,False,20150514002237.0,20150514.0,NOT_CONFIRMED,NOT_AVAILABLE_KRX_PENDING,True
00101044,,2015,Q2,CFS,-397742495.0,,False,,False,False,67150120975.0,-1620128000.0,,,False,20150728000163.0,20150728.0,NOT_CONFIRMED,NOT_AVAILABLE_KRX_PENDING,True
00101044,,2015,Q3,CFS,-499725988.0,,False,,False,False,66881349776.0,-2418616324.0,,,False,20151113000562.0,20151113.0,NOT_CONFIRMED,NOT_AVAILABLE_KRX_PENDING,True
00101044,,2015,Q4,CFS,273986368.0,,False,1552630149.0,True,True,67745286496.0,-2864616809.0,,,False,,,NOT_CONFIRMED,NOT_AVAILABLE_KRX_PENDING,True
00101044,슈넬생명과학(주),2016,Q1,CFS,-230532711.0,-242825492.0,False,1552024468.0,True,True,74825671284.0,,1215691821.0,,False,,,NOT_CONFIRMED,NOT_AVAILABLE_KRX_PENDING,True
00101044,슈넬생명과학(주),2016,Q2,CFS,-17324872.0,-397742495.0,False,-425989703.0,True,True,81601829491.0,,-1620128000.0,,False,,,NOT_CONFIRMED,NOT_AVAILABLE_KRX_PENDING,True
00101044,슈넬생명과학(주),2016,Q3,CFS,-449087022.0,-499725988.0,False,-1444556915.0,True,True,80676638272.0,161095753.0,-2418616324.0,2579712077.0,False,,,NOT_CONFIRMED,NOT_AVAILABLE_KRX_PENDING,True
00101044,슈넬생명과학(주),2016,Q4,CFS,449572762.0,273986368.0,False,-4766946975.0,True,True,78120480559.0,-64694179.0,-2864616809.0,2799922630.0,False,,,NOT_CONFIRMED,NOT_AVAILABLE_KRX_PENDING,True
00101220,,2015,Q1,CFS,14098133232.0,,False,,False,False,449865125264.0,-26633292243.0,,,False,20150515002644.0,20150515.0,NOT_CONFIRMED,NOT_AVAILABLE_KRX_PENDING,True
00101220,,2015,Q2,CFS,12628600162.0,,False,,False,False,451053495327.0,-24388965465.0,,,False,20150817001162.0,20150817.0,NOT_CONFIRMED,NOT_AVAILABLE_KRX_PENDING,True
00101220,,2015,Q3,CFS,11859375532.0,,False,,False,False,442913333914.0,17496582094.0,,,False,20151116001327.0,20151116.0,NOT_CONFIRMED,NOT_AVAILABLE_KRX_PENDING,True
00101220,,2015,Q4,CFS,6773631163.0,,False,41854915971.0,True,True,464019139958.0,,,,False,,,NOT_CONFIRMED,NOT_AVAILABLE_KRX_PENDING,True
00101220,KG케미칼,2016,Q1,CFS,13458855306.0,14098133232.0,False,40680602671.0,True,True,462816519386.0,28988804063.0,-26633292243.0,55622096306.0,False,,,NOT_CONFIRMED,NOT_AVAILABLE_KRX_PENDING,True
00101220,KG케미칼,2016,Q2,CFS,17221922805.0,12628600162.0,False,55820325424.0,True,True,500620236950.0,2263998036.0,-24388965465.0,26652963501.0,False,,,NOT_CONFIRMED,NOT_AVAILABLE_KRX_PENDING,True
00101220,KG케미칼,2016,Q3,CFS,16349839613.0,11859375532.0,False,58844071067.0,True,True,516131964347.0,28644517425.0,17496582094.0,11147935331.0,False,,,NOT_CONFIRMED,NOT_AVAILABLE_KRX_PENDING,True
00101220,KG케미칼,2016,Q4,CFS,6278050667.0,6773631163.0,False,28347116846.0,True,True,510212080643.0,-13055846538.0,,,False,,,NOT_CONFIRMED,NOT_AVAILABLE_KRX_PENDING,True
00101257,,2015,Q1,CFS,-26660220113.0,,False,,False,False,-186219722761.0,-19849861810.0,,,False,20150515002883.0,20150515.0,NOT_CONFIRMED,NOT_AVAILABLE_KRX_PENDING,True
00101257,,2015,Q2,CFS,-288442406516.0,,False,,False,False,-869073875463.0,5098945237.0,,,False,20150817001771.0,20150817.0,NOT_CONFIRMED,NOT_AVAILABLE_KRX_PENDING,True
00101257,,2015,Q3,CFS,-2972407262.0,,False,,False,False,-848679983913.0,45591776137.0,,,False,20151116000013.0,20151116.0,NOT_CONFIRMED,NOT_AVAILABLE_KRX_PENDING,True
00101257,,2015,Q4,CFS,-6872749643.0,,False,-696451806779.0,True,True,-950527655880.0,-12485015956.0,,,False,,,NOT_CONFIRMED,NOT_AVAILABLE_KRX_PENDING,True
00101257,경남기업,2016,Q1,,,-26660220113.0,False,,True,False,,,-19849861810.0,,False,,,NOT_CONFIRMED,NOT_AVAILABLE_KRX_PENDING,True
00101257,경남기업,2016,Q2,,,-288442406516.0,False,,True,False,,,5098945237.0,,False,,,NOT_CONFIRMED,NOT_AVAILABLE_KRX_PENDING,True
00101257,경남기업,2016,Q3,,,-2972407262.0,False,,True,False,,,45591776137.0,,False,,,NOT_CONFIRMED,NOT_AVAILABLE_KRX_PENDING,True
00101257,경남기업,2016,Q4,,,-6872749643.0,False,,True,True,,,-12485015956.0,,False,,,NOT_CONFIRMED,NOT_AVAILABLE_KRX_PENDING,True
00101336,,2015,Q1,CFS,5691366559.0,,False,,False,False,310092188379.0,19007255511.0,,,False,20150514000343.0,20150514.0,NOT_CONFIRMED,NOT_AVAILABLE_KRX_PENDING,True
00101336,,2015,Q2,CFS,6946520732.0,,False,,False,False,316381664069.0,-11343704210.0,,,False,20150813000087.0,20150813.0,NOT_CONFIRMED,NOT_AVAILABLE_KRX_PENDING,True
00101336,,2015,Q3,CFS,-2849571387.0,,False,,False,False,315664174246.0,-6397231390.0,,,False,20151113000536.0,20151113.0,NOT_CONFIRMED,NOT_AVAILABLE_KRX_PENDING,True
00101336,,2015,Q4,CFS,9979253795.0,,False,22511018977.0,True,True,323274220607.0,4336422195.0,,,False,,,NOT_CONFIRMED,NOT_AVAILABLE_KRX_PENDING,True
00101336,경남에너지주식회사,2016,Q1,,,5691366559.0,False,,True,False,,,19007255511.0,,False,,,NOT_CONFIRMED,NOT_AVAILABLE_KRX_PENDING,True
00101336,경남에너지주식회사,2016,Q2,,,6946520732.0,False,,True,False,,,-11343704210.0,,False,,,NOT_CONFIRMED,NOT_AVAILABLE_KRX_PENDING,True
00101336,경남에너지주식회사,2016,Q3,,,-2849571387.0,False,,True,False,,,-6397231390.0,,False,,,NOT_CONFIRMED,NOT_AVAILABLE_KRX_PENDING,True
00101336,경남에너지주식회사,2016,Q4,,,9979253795.0,False,,True,True,,,4336422195.0,,False,,,NOT_CONFIRMED,NOT_AVAILABLE_KRX_PENDING,True
00101488,,2015,Q1,CFS,5499426458.0,,False,,False,False,191790786715.0,4091641612.0,,,False,20150514002716.0,20150514.0,NOT_CONFIRMED,NOT_AVAILABLE_KRX_PENDING,True
00101488,,2015,Q2,CFS,4283659308.0,,False,,False,False,195827059653.0,-11986593395.0,,,False,20150813000964.0,20150813.0,NOT_CONFIRMED,NOT_AVAILABLE_KRX_PENDING,True
00101488,,2015,Q3,CFS,3982378191.0,,False,,False,False,201374498894.0,2025078635.0,,,False,20151116000075.0,20151116.0,NOT_CONFIRMED,NOT_AVAILABLE_KRX_PENDING,True
00101488,,2015,Q4,CFS,10457516555.0,,False,16751999580.0,True,True,206076608904.0,49589447280.0,,,False,,,NOT_CONFIRMED,NOT_AVAILABLE_KRX_PENDING,True
00101488,주식회사 경동나비엔,2016,Q1,CFS,15873562772.0,5499426458.0,False,,True,True,216032172682.0,-5376346017.0,4091641612.0,-9467987629.0,False,,,NOT_CONFIRMED,NOT_AVAILABLE_KRX_PENDING,True
00101488,주식회사 경동나비엔,2016,Q2,CFS,12896343315.0,4283659308.0,False,,True,True,225626597408.0,-1056246898.0,-11986593395.0,10930346497.0,False,,,NOT_CONFIRMED,NOT_AVAILABLE_KRX_PENDING,True
00101488,주식회사 경동나비엔,2016,Q3,CFS,7231330377.0,3982378191.0,False,,True,True,227693633396.0,-2225865252.0,2025078635.0,-4250943887.0,False,,,NOT_CONFIRMED,NOT_AVAILABLE_KRX_PENDING,True
00101488,주식회사 경동나비엔,2016,Q4,CFS,9830700304.0,10457516555.0,False,,True,True,238762190243.0,47095627539.0,49589447280.0,-2493819741.0,False,,,NOT_CONFIRMED,NOT_AVAILABLE_KRX_PENDING,True
00101549,,2015,Q1,CFS,7758503712.0,,False,,False,False,190186582673.0,5089507106.0,,,False,20150515000051.0,20150515.0,NOT_CONFIRMED,NOT_AVAILABLE_KRX_PENDING,True
00101549,,2015,Q2,CFS,8322683004.0,,False,,False,False,198962278255.0,-3160087564.0,,,False,20150813000650.0,20150813.0,NOT_CONFIRMED,NOT_AVAILABLE_KRX_PENDING,True
00101549,,2015,Q3,CFS,5602841341.0,,False,,False,False,202414003088.0,-1180325280.0,,,False,20151116000278.0,20151116.0,NOT_CONFIRMED,NOT_AVAILABLE_KRX_PENDING,True
00101549,,2015,Q4,CFS,4335468657.0,,False,13277248992.0,True,True,204439578745.0,6412255272.0,,,False,,,NOT_CONFIRMED,NOT_AVAILABLE_KRX_PENDING,True
00101549,경동제약,2016,Q1,CFS,7176488273.0,7758503712.0,False,13198530460.0,True,True,202024358865.0,,5089507106.0,,False,,,NOT_CONFIRMED,NOT_AVAILABLE_KRX_PENDING,True
00101549,경동제약,2016,Q2,CFS,6558162724.0,8322683004.0,False,12820865657.0,True,True,205927158824.0,,-3160087564.0,,False,,,NOT_CONFIRMED,NOT_AVAILABLE_KRX_PENDING,True
00101549,경동제약,2016,Q3,CFS,7026616243.0,5602841341.0,False,18477584792.0,True,True,206191217760.0,,-1180325280.0,,False,,,NOT_CONFIRMED,NOT_AVAILABLE_KRX_PENDING,True
00101549,경동제약,2016,Q4,CFS,5514192682.0,4335468657.0,False,16949412043.0,True,True,208571469647.0,,6412255272.0,,False,,,NOT_CONFIRMED,NOT_AVAILABLE_KRX_PENDING,True
00101628,,2015,Q1,CFS,7932792671.0,,False,,False,False,651413557876.0,4354437360.0,,,False,20150515001125.0,20150515.0,NOT_CONFIRMED,NOT_AVAILABLE_KRX_PENDING,True
00101628,,2015,Q2,CFS,10173583444.0,,False,,False,False,658240025181.0,3329072712.0,,,False,20150817001163.0,20150817.0,NOT_CONFIRMED,NOT_AVAILABLE_KRX_PENDING,True
00101628,,2015,Q3,CFS,9218169827.0,,False,,False,False,661186200190.0,18978146826.0,,,False,20151116001055.0,20151116.0,NOT_CONFIRMED,NOT_AVAILABLE_KRX_PENDING,True
00101628,,2015,Q4,CFS,11636965279.0,,False,16692163219.0,True,True,662952917600.0,13258922868.0,,,False,,,NOT_CONFIRMED,NOT_AVAILABLE_KRX_PENDING,True
00101628,(주)경방,2016,Q1,CFS,7185874454.0,7932792671.0,False,,True,True,662563977436.0,,4354437360.0,,False,,,NOT_CONFIRMED,NOT_AVAILABLE_KRX_PENDING,True
00101628,(주)경방,2016,Q2,CFS,10443005565.0,10173583444.0,False,,True,True,674031401297.0,,3329072712.0,,False,,,NOT_CONFIRMED,NOT_AVAILABLE_KRX_PENDING,True
00101628,(주)경방,2016,Q3,CFS,10546938903.0,9218169827.0,False,,True,True,679548714477.0,,18978146826.0,,False,,,NOT_CONFIRMED,NOT_AVAILABLE_KRX_PENDING,True
00101628,(주)경방,2016,Q4,CFS,15260750058.0,11636965279.0,False,,True,True,679843399077.0,18593626694.0,13258922868.0,5334703826.0,False,,,NOT_CONFIRMED,NOT_AVAILABLE_KRX_PENDING,True
00101664,,2015,Q1,,,,False,,False,False,,,,,False,,,NOT_CONFIRMED,NOT_AVAILABLE_KRX_PENDING,True
00101664,,2015,Q2,OFS,,,False,,False,False,108836221703.0,,,,False,20150817000564.0,20150817.0,NOT_CONFIRMED,NOT_AVAILABLE_KRX_PENDING,True
00101664,,2015,Q3,OFS,6098428168.0,,False,,False,False,112964401546.0,296274173.0,,,False,20151116001104.0,20151116.0,NOT_CONFIRMED,NOT_AVAILABLE_KRX_PENDING,True
00101664,,2015,Q4,OFS,5822515561.0,,False,,True,False,122817150566.0,-4784751868.0,,,False,,,NOT_CONFIRMED,NOT_AVAILABLE_KRX_PENDING,True
00101664,경보제약,2016,Q1,OFS,5423636135.0,,False,,True,True,120398398413.0,12955183969.0,,,False,,,NOT_CONFIRMED,NOT_AVAILABLE_KRX_PENDING,True
00101664,경보제약,2016,Q2,OFS,4277501197.0,,False,23496055468.0,True,True,123498181275.0,-9538404044.0,,,False,,,NOT_CONFIRMED,NOT_AVAILABLE_KRX_PENDING,True
00101664,경보제약,2016,Q3,OFS,2400451971.0,6098428168.0,False,19611380068.0,True,True,124638350619.0,1985390834.0,296274173.0,1689116661.0,False,,,NOT_CONFIRMED,NOT_AVAILABLE_KRX_PENDING,True
00101664,경보제약,2016,Q4,OFS,3492637281.0,5822515561.0,False,12705929801.0,True,True,129402339511.0,242605947.0,-4784751868.0,5027357815.0,False,,,NOT_CONFIRMED,NOT_AVAILABLE_KRX_PENDING,True
00101752,,2015,Q1,CFS,-127691162.0,,False,,False,False,45498435597.0,2914838966.0,,,False,20150514004483.0,20150514.0,NOT_CONFIRMED,NOT_AVAILABLE_KRX_PENDING,True
00101752,,2015,Q2,CFS,-411532595.0,,False,,False,False,44960646883.0,2030190491.0,,,False,20150813000507.0,20150813.0,NOT_CONFIRMED,NOT_AVAILABLE_KRX_PENDING,True
00101752,,2015,Q3,CFS,-91272654.0,,False,,False,False,43523331183.0,-686551920.0,,,False,20151113000614.0,20151113.0,NOT_CONFIRMED,NOT_AVAILABLE_KRX_PENDING,True
00101752,,2015,Q4,CFS,256362049.0,,False,-2142465766.0,True,True,44140243190.0,-726375296.0,,,False,,,NOT_CONFIRMED,NOT_AVAILABLE_KRX_PENDING,True
00101752,(주)케이씨피드,2016,Q1,CFS,672805957.0,-127691162.0,True,-994144405.0,True,True,44137250643.0,-2291335279.0,2914838966.0,-5206174245.0,True,,,NOT_CONFIRMED,NOT_AVAILABLE_KRX_PENDING,True
00101752,(주)케이씨피드,2016,Q2,CFS,877572437.0,-411532595.0,True,105168271.0,True,True,44708751324.0,,2030190491.0,,False,,,NOT_CONFIRMED,NOT_AVAILABLE_KRX_PENDING,True
00101752,(주)케이씨피드,2016,Q3,CFS,289842494.0,-91272654.0,True,1857476770.0,True,True,53128687435.0,-1514468836.0,-686551920.0,-827916916.0,False,,,NOT_CONFIRMED,NOT_AVAILABLE_KRX_PENDING,True
00101752,(주)케이씨피드,2016,Q4,CFS,61267993.0,256362049.0,False,754703457.0,True,True,52101913632.0,1911863152.0,-726375296.0,2638238448.0,False,,,NOT_CONFIRMED,NOT_AVAILABLE_KRX_PENDING,True
00102113,,2015,Q1,CFS,714417090.0,,False,,False,False,196988957835.0,-2446800986.0,,,False,20150515000371.0,20150515.0,NOT_CONFIRMED,NOT_AVAILABLE_KRX_PENDING,True
00102113,,2015,Q2,CFS,3959929535.0,,False,,False,False,201127105301.0,-7719395193.0,,,False,20150813001318.0,20150813.0,NOT_CONFIRMED,NOT_AVAILABLE_KRX_PENDING,True
00102113,,2015,Q3,CFS,1351110191.0,,False,,False,False,201904225471.0,-3849829595.0,,,False,20151116000626.0,20151116.0,NOT_CONFIRMED,NOT_AVAILABLE_KRX_PENDING,True
00102113,,2015,Q4,CFS,692676963.0,,False,3670894653.0,True,True,201125303678.0,8929531094.0,,,False,,,NOT_CONFIRMED,NOT_AVAILABLE_KRX_PENDING,True
00102113,(주)경인양행,2016,Q1,CFS,771635091.0,714417090.0,False,2714160371.0,True,True,198646682163.0,8283133576.0,-2446800986.0,10729934562.0,False,,,NOT_CONFIRMED,NOT_AVAILABLE_KRX_PENDING,True
00102113,(주)경인양행,2016,Q2,CFS,6549925875.0,3959929535.0,False,3621175367.0,True,True,203427337757.0,6183887391.0,-7719395193.0,13903282584.0,False,,,NOT_CONFIRMED,NOT_AVAILABLE_KRX_PENDING,True
00102113,(주)경인양행,2016,Q3,CFS,1490463901.0,1351110191.0,False,3849591751.0,True,True,205024850782.0,5003078440.0,-3849829595.0,8852908035.0,False,,,NOT_CONFIRMED,NOT_AVAILABLE_KRX_PENDING,True
00102113,(주)경인양행,2016,Q4,CFS,1765156449.0,692676963.0,False,6837522077.0,True,True,208293196152.0,-9559846204.0,8929531094.0,-18489377298.0,False,,,NOT_CONFIRMED,NOT_AVAILABLE_KRX_PENDING,True
00102618,,2015,Q1,CFS,2982641323.0,,False,,False,False,154205260822.0,5028414181.0,,,False,20150515002339.0,20150515.0,NOT_CONFIRMED,NOT_AVAILABLE_KRX_PENDING,True
00102618,,2015,Q2,CFS,2184045621.0,,False,,False,False,157442327256.0,-8056124384.0,,,False,20150813000727.0,20150813.0,NOT_CONFIRMED,NOT_AVAILABLE_KRX_PENDING,True
00102618,,2015,Q3,CFS,2080315605.0,,False,,False,False,161116791310.0,-804948000.0,,,False,20151116000610.0,20151116.0,NOT_CONFIRMED,NOT_AVAILABLE_KRX_PENDING,True
00102618,,2015,Q4,CFS,-143985537.0,,False,9581186296.0,True,True,160448786409.0,-3795946857.0,,,False,,,NOT_CONFIRMED,NOT_AVAILABLE_KRX_PENDING,True
00102618,계양전기 주식회사,2016,Q1,CFS,4693614049.0,2982641323.0,False,11684663804.0,True,True,166601120883.0,-1587487690.0,5028414181.0,-6615901871.0,False,,,NOT_CONFIRMED,NOT_AVAILABLE_KRX_PENDING,True
00102618,계양전기 주식회사,2016,Q2,CFS,4945123256.0,2184045621.0,False,16990174934.0,True,True,174891535493.0,2734660449.0,-8056124384.0,10790784833.0,False,,,NOT_CONFIRMED,NOT_AVAILABLE_KRX_PENDING,True
00102618,계양전기 주식회사,2016,Q3,CFS,3851087648.0,2080315605.0,False,16321097386.0,True,True,176840235654.0,-418097926.0,-804948000.0,386850074.0,False,,,NOT_CONFIRMED,NOT_AVAILABLE_KRX_PENDING,True
00102618,계양전기 주식회사,2016,Q4,CFS,1965156397.0,-143985537.0,True,17233731189.0,True,True,179133111299.0,-3994552283.0,-3795946857.0,-198605426.0,False,,,NOT_CONFIRMED,NOT_AVAILABLE_KRX_PENDING,True
00102751,,2015,Q1,CFS,3636685902.0,,False,,False,False,76957965583.0,9382086962.0,,,False,20150514001203.0,20150514.0,NOT_CONFIRMED,NOT_AVAILABLE_KRX_PENDING,True
00102751,,2015,Q2,CFS,2066060424.0,,False,,False,False,78359414636.0,72151659.0,,,False,20150813000508.0,20150813.0,NOT_CONFIRMED,NOT_AVAILABLE_KRX_PENDING,True
00102751,,2015,Q3,CFS,964463871.0,,False,,False,False,78739645818.0,-6734192362.0,,,False,20151116000906.0,20151116.0,NOT_CONFIRMED,NOT_AVAILABLE_KRX_PENDING,True
00102751,,2015,Q4,CFS,94287346.0,,False,5400030676.0,True,True,79342018649.0,3048669847.0,,,False,,,NOT_CONFIRMED,NOT_AVAILABLE_KRX_PENDING,True
00102751,고려산업주식회사,2016,Q1,CFS,2938069218.0,3636685902.0,False,5329084521.0,True,True,80502386125.0,4935582959.0,9382086962.0,-4446504003.0,False,,,NOT_CONFIRMED,NOT_AVAILABLE_KRX_PENDING,True
00102751,고려산업주식회사,2016,Q2,CFS,1031354648.0,2066060424.0,False,4489329174.0,True,True,81203889201.0,1103392796.0,72151659.0,1031241137.0,False,,,NOT_CONFIRMED,NOT_AVAILABLE_KRX_PENDING,True
00102751,고려산업주식회사,2016,Q3,CFS,1780194341.0,964463871.0,False,7796746606.0,True,True,85632015432.0,4807557725.0,-6734192362.0,11541750087.0,False,,,NOT_CONFIRMED,NOT_AVAILABLE_KRX_PENDING,True
00102751,고려산업주식회사,2016,Q4,CFS,929665746.0,94287346.0,False,6852573362.0,True,True,85020282528.0,1252718345.0,3048669847.0,-1795951502.0,False,,,NOT_CONFIRMED,NOT_AVAILABLE_KRX_PENDING,True
00102760,,2015,Q1,,,,False,,False,False,,,,,False,,,NOT_CONFIRMED,NOT_AVAILABLE_KRX_PENDING,True
00102760,,2015,Q2,,,,False,,False,False,,,,,False,,,NOT_CONFIRMED,NOT_AVAILABLE_KRX_PENDING,True
00102760,,2015,Q3,CFS,,,False,,False,False,1784572286428.0,,,,False,20151116000622.0,20151116.0,NOT_CONFIRMED,NOT_AVAILABLE_KRX_PENDING,True
00102760,,2015,Q4,CFS,-196218814431.0,,False,,True,False,1414306892213.0,273577514045.0,,,False,,,NOT_CONFIRMED,NOT_AVAILABLE_KRX_PENDING,True
00102760,두산건설(주),2016,Q1,CFS,24483474680.0,,False,,True,False,1312387890546.0,9176040449.0,,,False,,,NOT_CONFIRMED,NOT_AVAILABLE_KRX_PENDING,True
00102760,두산건설(주),2016,Q2,CFS,1810671948.0,,False,,True,True,1287309776244.0,-126407257418.0,,,False,,,NOT_CONFIRMED,NOT_AVAILABLE_KRX_PENDING,True
00102760,두산건설(주),2016,Q3,CFS,2346327763.0,,False,,True,True,1262589275607.0,-77137903260.0,,,False,,,NOT_CONFIRMED,NOT_AVAILABLE_KRX_PENDING,True
00102760,두산건설(주),2016,Q4,CFS,-15845459480.0,-196218814431.0,False,,True,True,1064676566637.0,85843143535.0,273577514045.0,-187734370510.0,False,,,NOT_CONFIRMED,NOT_AVAILABLE_KRX_PENDING,True
00102858,,2015,Q1,CFS,172760383903.0,,False,,False,False,4816905840829.0,259875209430.0,,,False,20150515001430.0,20150515.0,NOT_CONFIRMED,NOT_AVAILABLE_KRX_PENDING,True
00102858,,2015,Q2,CFS,192464552411.0,,False,,False,False,5028923860734.0,-47410815500.0,,,False,20150817000784.0,20150817.0,NOT_CONFIRMED,NOT_AVAILABLE_KRX_PENDING,True
00102858,,2015,Q3,CFS,178719360516.0,,False,,False,False,5170141780654.0,162301624767.0,,,False,20151116000577.0,20151116.0,NOT_CONFIRMED,NOT_AVAILABLE_KRX_PENDING,True
00102858,,2015,Q4,CFS,128274636223.0,,False,513990324342.0,True,True,5219368828324.0,89907986049.0,,,False,,,NOT_CONFIRMED,NOT_AVAILABLE_KRX_PENDING,True
00102858,고려아연(주),2016,Q1,CFS,187259258022.0,172760383903.0,False,529137936580.0,True,True,5199221039953.0,222018066883.0,259875209430.0,-37857142547.0,False,,,NOT_CONFIRMED,NOT_AVAILABLE_KRX_PENDING,True
00102858,고려아연(주),2016,Q2,CFS,180164079862.0,192464552411.0,False,512646592563.0,True,True,5331977325784.0,107262933976.0,-47410815500.0,154673749476.0,False,,,NOT_CONFIRMED,NOT_AVAILABLE_KRX_PENDING,True
00102858,고려아연(주),2016,Q3,CFS,160837577123.0,178719360516.0,False,513539928616.0,True,True,5439998264479.0,70797438454.0,162301624767.0,-91504186313.0,False,,,NOT_CONFIRMED,NOT_AVAILABLE_KRX_PENDING,True
00102858,고려아연(주),2016,Q4,CFS,236423672870.0,128274636223.0,False,594584342454.0,True,True,5662704694368.0,93861627195.0,89907986049.0,3953641146.0,False,,,NOT_CONFIRMED,NOT_AVAILABLE_KRX_PENDING,True
00103006,,2015,Q1,CFS,13578287235.0,,False,,False,False,1478692385721.0,-9580527957.0,,,False,20150515001128.0,20150515.0,NOT_CONFIRMED,NOT_AVAILABLE_KRX_PENDING,True
00103006,,2015,Q2,CFS,14981760986.0,,False,,False,False,1501886799892.0,101078652182.0,,,False,20150813000409.0,20150813.0,NOT_CONFIRMED,NOT_AVAILABLE_KRX_PENDING,True
00103006,,2015,Q3,CFS,3149831922.0,,False,,False,False,1477363146955.0,36894584786.0,,,False,20151113000519.0,20151113.0,NOT_CONFIRMED,NOT_AVAILABLE_KRX_PENDING,True
00103006,,2015,Q4,CFS,12640077965.0,,False,18346363930.0,True,True,1456028585605.0,72349964795.0,,,False,,,NOT_CONFIRMED,NOT_AVAILABLE_KRX_PENDING,True
00103006,고려제강,2016,Q1,CFS,9181373558.0,13578287235.0,False,22103566904.0,True,True,1493111384711.0,-27953397768.0,-9580527957.0,-18372869811.0,False,,,NOT_CONFIRMED,NOT_AVAILABLE_KRX_PENDING,True
00103006,고려제강,2016,Q2,CFS,10801558070.0,14981760986.0,False,17777898558.0,True,True,1493184809764.0,21069241234.0,101078652182.0,-80009410948.0,False,,,NOT_CONFIRMED,NOT_AVAILABLE_KRX_PENDING,True
00103006,고려제강,2016,Q3,CFS,11760237124.0,3149831922.0,False,38367509646.0,True,True,1464485960655.0,-18691170632.0,36894584786.0,-55585755418.0,False,,,NOT_CONFIRMED,NOT_AVAILABLE_KRX_PENDING,True
00103006,고려제강,2016,Q4,CFS,5274417570.0,12640077965.0,False,40289726891.0,True,True,1482333327488.0,,72349964795.0,,False,,,NOT_CONFIRMED,NOT_AVAILABLE_KRX_PENDING,True
00103042,,2015,Q1,CFS,2772509251.0,,False,,False,False,167575458611.0,-8124347990.0,,,False,20150515002375.0,20150515.0,NOT_CONFIRMED,NOT_AVAILABLE_KRX_PENDING,True
00103042,,2015,Q2,CFS,4047760860.0,,False,,False,False,164924093069.0,-5017703789.0,,,False,20150813000958.0,20150813.0,NOT_CONFIRMED,NOT_AVAILABLE_KRX_PENDING,True
00103042,,2015,Q3,CFS,4637144192.0,,False,,False,False,170996823983.0,-3490677811.0,,,False,20151116000455.0,20151116.0,NOT_CONFIRMED,NOT_AVAILABLE_KRX_PENDING,True
00103042,,2015,Q4,CFS,1927665385.0,,False,9071982622.0,True,True,172021197230.0,,,,False,,,NOT_CONFIRMED,NOT_AVAILABLE_KRX_PENDING,True
00103042,(주)케이씨티시,2016,Q1,CFS,3179633533.0,2772509251.0,False,8187764521.0,True,True,173670579625.0,-2923362670.0,-8124347990.0,5200985320.0,False,,,NOT_CONFIRMED,NOT_AVAILABLE_KRX_PENDING,True
00103042,(주)케이씨티시,2016,Q2,CFS,5387541644.0,4047760860.0,False,14815563901.0,True,True,177631196000.0,5075063432.0,-5017703789.0,10092767221.0,False,,,NOT_CONFIRMED,NOT_AVAILABLE_KRX_PENDING,True
00103042,(주)케이씨티시,2016,Q3,CFS,2725351836.0,4637144192.0,False,8402176557.0,True,True,177153955030.0,8321733587.0,-3490677811.0,11812411398.0,False,,,NOT_CONFIRMED,NOT_AVAILABLE_KRX_PENDING,True
00103042,(주)케이씨티시,2016,Q4,CFS,2374042615.0,1927665385.0,False,8228580660.0,True,True,178530327247.0,-1580182163.0,,,False,,,NOT_CONFIRMED,NOT_AVAILABLE_KRX_PENDING,True
00103130,,2015,Q1,CFS,-483758537.0,,False,,False,False,30279240891.0,,,,False,20150515001113.0,20150515.0,NOT_CONFIRMED,NOT_AVAILABLE_KRX_PENDING,True
00103130,,2015,Q2,CFS,-299416171.0,,False,,False,False,30811623983.0,,,,False,20150817000637.0,20150817.0,NOT_CONFIRMED,NOT_AVAILABLE_KRX_PENDING,True
00103130,,2015,Q3,CFS,3138236.0,,False,,False,False,33507548289.0,,,,False,20151111000103.0,20151111.0,NOT_CONFIRMED,NOT_AVAILABLE_KRX_PENDING,True
00103130,,2015,Q4,CFS,222679825.0,,False,2158057644.0,True,True,39520723678.0,2135673379.0,,,False,,,NOT_CONFIRMED,NOT_AVAILABLE_KRX_PENDING,True
00103510,인지컨트롤스(주),2016,Q1,CFS,5923875232.0,,False,,False,False,204026139056.0,,,,False,,,NOT_CONFIRMED,NOT_AVAILABLE_KRX_PENDING,True
00103510,인지컨트롤스(주),2016,Q2,CFS,5799789432.0,,False,,False,False,204228075710.0,,,,False,,,NOT_CONFIRMED,NOT_AVAILABLE_KRX_PENDING,True
00103510,인지컨트롤스(주),2016,Q3,CFS,4153167567.0,,False,,False,False,201277900769.0,,,,False,,,NOT_CONFIRMED,NOT_AVAILABLE_KRX_PENDING,True
00103510,인지컨트롤스(주),2016,Q4,CFS,2493240571.0,,False,11542486160.0,True,True,207802871609.0,,,,False,,,NOT_CONFIRMED,NOT_AVAILABLE_KRX_PENDING,True
