corp_code,company_name,stock_code,corp_cls,business_year,fiscal_quarter,receipt_no,receipt_date,source_status,source_type,statement_basis,period_end,basis_comparable_to_immediate_predecessor,operating_profit_cumulative,operating_profit_q,net_income_cumulative,net_income_q,equity_q_end,cfo_cumulative,cfo_q,capex_ppe_cumulative_spend,capex_ppe_q_spend,capex_intangible_cumulative_spend,capex_intangible_q_spend,capex_q_spend,fcf_q,op_pure_method,ni_pure_method,cfo_pure_method,capex_ppe_pure_method,capex_intangible_pure_method,signal_date_status,modern_oos_protected
00100601,강원에너지,114190,K,2015,Q1,20150515001283,20150515,ok,EARLIEST_PERIODIC_RECEIPT_XBRL,OFS,2015-03-31,True,132942297.0,132942297.0,-810103145.0,-810103145.0,52042594369.0,-5676701480.0,-5676701480.0,,,,,,,direct_q1,direct_q1,direct_q1,missing,missing,NOT_ASSIGNED_ACCOUNTING_STAGE,True
00100601,강원에너지,114190,K,2015,Q2,20150817000816,20150817,ok,EARLIEST_PERIODIC_RECEIPT_XBRL,OFS,2015-06-30,True,-286684231.0,-419626528.0,-345640195.0,464462950.0,54301074783.0,-1945235967.0,3731465513.0,,,,,,,cumulative_difference,cumulative_difference,cumulative_difference,missing_immediate_predecessor_or_basis_change,missing_immediate_predecessor_or_basis_change,NOT_ASSIGNED_ACCOUNTING_STAGE,True
00100601,강원에너지,114190,K,2015,Q3,20151116000261,20151116,ok,EARLIEST_PERIODIC_RECEIPT_XBRL,CFS,2015-09-30,False,153474540.0,,-135539888.0,,56573764626.0,3866669067.0,,493239644.0,,,,,,missing_immediate_predecessor_or_basis_change,missing_immediate_predecessor_or_basis_change,missing_immediate_predecessor_or_basis_change,missing_immediate_predecessor_or_basis_change,missing_immediate_predecessor_or_basis_change,NOT_ASSIGNED_ACCOUNTING_STAGE,True
00100601,강원에너지,114190,K,2015,Q4,20160330001333,20160330,ok,EARLIEST_PERIODIC_RECEIPT_XBRL,CFS,2015-12-31,True,447206471.0,293731931.0,102481866.0,238021754.0,56583900588.0,9499050329.0,5632381262.0,,,,,,,cumulative_difference,cumulative_difference,cumulative_difference,missing_immediate_predecessor_or_basis_change,missing_immediate_predecessor_or_basis_change,NOT_ASSIGNED_ACCOUNTING_STAGE,True
00100939,강남제비스코,000860,Y,2015,Q1,20150515001398,20150515,ok,EARLIEST_PERIODIC_RECEIPT_XBRL,CFS,2015-03-31,True,8399921888.0,8399921888.0,9796519414.0,9796519414.0,415935767328.0,57329224.0,57329224.0,914471349.0,914471349.0,2920360.0,2920360.0,917391709.0,-860062485.0,direct_q1,direct_q1,direct_q1,direct_q1,direct_q1,NOT_ASSIGNED_ACCOUNTING_STAGE,True
00100939,강남제비스코,000860,Y,2015,Q2,20150817000438,20150817,ok,EARLIEST_PERIODIC_RECEIPT_XBRL,CFS,2015-06-30,True,22083582158.0,13683660270.0,23274742452.0,13478223038.0,429381623340.0,24644199832.0,24586870608.0,3452419782.0,2537948433.0,3558600.0,638240.0,2538586673.0,22048283935.0,cumulative_difference,cumulative_difference,cumulative_difference,cumulative_difference,cumulative_difference,NOT_ASSIGNED_ACCOUNTING_STAGE,True
00100939,강남제비스코,000860,Y,2015,Q3,20151116000718,20151116,ok,EARLIEST_PERIODIC_RECEIPT_XBRL,CFS,2015-09-30,True,30256249329.0,8172667171.0,32666291972.0,9391549520.0,439941485107.0,26996259692.0,2352059860.0,4921864813.0,1469445031.0,5304200.0,1745600.0,1471190631.0,880869229.0,cumulative_difference,cumulative_difference,cumulative_difference,cumulative_difference,cumulative_difference,NOT_ASSIGNED_ACCOUNTING_STAGE,True
00100939,강남제비스코,000860,Y,2015,Q4,20160330001906,20160330,ok,EARLIEST_PERIODIC_RECEIPT_XBRL,CFS,2015-12-31,True,38357571803.0,8101322474.0,43492779318.0,10826487346.0,447881712121.0,36488443163.0,9492183471.0,6132784810.0,1210919997.0,307848040.0,302543840.0,1513463837.0,7978719634.0,cumulative_difference,cumulative_difference,cumulative_difference,cumulative_difference,cumulative_difference,NOT_ASSIGNED_ACCOUNTING_STAGE,True
00101044,에이프로젠바이오로직스,003060,Y,2015,Q1,20150514002237,20150514,ok,EARLIEST_PERIODIC_RECEIPT_XBRL,CFS,2015-03-31,True,-242825492.0,-242825492.0,-220911205.0,-220911205.0,62448512662.0,2101253271.0,2101253271.0,435311850.0,435311850.0,450249600.0,450249600.0,885561450.0,1215691821.0,direct_q1,direct_q1,direct_q1,direct_q1,direct_q1,NOT_ASSIGNED_ACCOUNTING_STAGE,True
00101044,에이프로젠바이오로직스,003060,Y,2015,Q2,20150728000163,20150728,ok,EARLIEST_PERIODIC_RECEIPT_XBRL,CFS,2015-06-30,True,-640567987.0,-397742495.0,1400644322.0,1621555527.0,67150120975.0,2424946311.0,323693040.0,1729382490.0,1294070640.0,1100000000.0,649750400.0,1943821040.0,-1620128000.0,cumulative_difference,cumulative_difference,cumulative_difference,cumulative_difference,cumulative_difference,NOT_ASSIGNED_ACCOUNTING_STAGE,True
00101044,에이프로젠바이오로직스,003060,Y,2015,Q3,20151113000562,20151113,ok,EARLIEST_PERIODIC_RECEIPT_XBRL,CFS,2015-09-30,True,-1140293975.0,-499725988.0,1429360226.0,28715904.0,66881349776.0,1771341934.0,-653604377.0,3144144837.0,1414762347.0,1450249600.0,350249600.0,1765011947.0,-2418616324.0,cumulative_difference,cumulative_difference,cumulative_difference,cumulative_difference,cumulative_difference,NOT_ASSIGNED_ACCOUNTING_STAGE,True
00101044,에이프로젠바이오로직스,003060,Y,2015,Q4,20160329000757,20160329,ok,EARLIEST_PERIODIC_RECEIPT_XBRL,CFS,2015-12-31,True,-866307607.0,273986368.0,1552630149.0,123269923.0,67745286496.0,1847053051.0,75711117.0,5369472763.0,2225327926.0,2165249600.0,715000000.0,2940327926.0,-2864616809.0,cumulative_difference,cumulative_difference,cumulative_difference,cumulative_difference,cumulative_difference,NOT_ASSIGNED_ACCOUNTING_STAGE,True
00101220,KG케미칼,001390,Y,2015,Q1,20150515002644,20150515,ok,EARLIEST_PERIODIC_RECEIPT_XBRL,CFS,2015-03-31,True,14098133232.0,14098133232.0,8652702668.0,8652702668.0,449865125264.0,-23254463497.0,-23254463497.0,1962278717.0,1962278717.0,1416550029.0,1416550029.0,3378828746.0,-26633292243.0,direct_q1,direct_q1,direct_q1,direct_q1,direct_q1,NOT_ASSIGNED_ACCOUNTING_STAGE,True
00101220,KG케미칼,001390,Y,2015,Q2,20150817001162,20150817,ok,EARLIEST_PERIODIC_RECEIPT_XBRL,CFS,2015-06-30,True,26726733394.0,12628600162.0,12333943233.0,3681240565.0,451053495327.0,-40659425837.0,-17404962340.0,7239012023.0,5276733306.0,3123819848.0,1707269819.0,6984003125.0,-24388965465.0,cumulative_difference,cumulative_difference,cumulative_difference,cumulative_difference,cumulative_difference,NOT_ASSIGNED_ACCOUNTING_STAGE,True
00101220,KG케미칼,001390,Y,2015,Q3,20151116001327,20151116,ok,EARLIEST_PERIODIC_RECEIPT_XBRL,CFS,2015-09-30,True,38586108926.0,11859375532.0,19320290665.0,6986347432.0,442913333914.0,-21009237585.0,19650188252.0,8675247350.0,1436235327.0,3841190679.0,717370831.0,2153606158.0,17496582094.0,cumulative_difference,cumulative_difference,cumulative_difference,cumulative_difference,cumulative_difference,NOT_ASSIGNED_ACCOUNTING_STAGE,True
00101220,KG케미칼,001390,Y,2015,Q4,20160330002526,20160330,ok,EARLIEST_PERIODIC_RECEIPT_XBRL,CFS,2015-12-31,True,45359740089.0,6773631163.0,41854915971.0,22534625306.0,464019139958.0,-45536755930.0,-24527518345.0,20794362671.0,12119115321.0,4476412755.0,635222076.0,12754337397.0,-37281855742.0,cumulative_difference,cumulative_difference,cumulative_difference,cumulative_difference,cumulative_difference,NOT_ASSIGNED_ACCOUNTING_STAGE,True
00101433,경농,002100,Y,2015,Q1,20150514005377,20150514,ok,EARLIEST_PERIODIC_RECEIPT_XBRL,CFS,2015-03-31,True,23660910985.0,23660910985.0,17663535291.0,17663535291.0,185477024550.0,-33044142435.0,-33044142435.0,,,,,,,direct_q1,direct_q1,direct_q1,missing,missing,NOT_ASSIGNED_ACCOUNTING_STAGE,True
00101433,경농,002100,Y,2015,Q2,20150817000335,20150817,ok,EARLIEST_PERIODIC_RECEIPT_XBRL,CFS,2015-06-30,True,30500972735.0,6840061750.0,23611225606.0,5947690315.0,193261510172.0,-54675244154.0,-21631101719.0,,,,,,,cumulative_difference,cumulative_difference,cumulative_difference,missing_immediate_predecessor_or_basis_change,missing_immediate_predecessor_or_basis_change,NOT_ASSIGNED_ACCOUNTING_STAGE,True
00101433,경농,002100,Y,2015,Q3,20151116000440,20151116,ok,EARLIEST_PERIODIC_RECEIPT_XBRL,CFS,2015-09-30,True,24148591631.0,-6352381104.0,18071849318.0,-5539376288.0,185701120344.0,-45690975152.0,8984269002.0,,,,,,,cumulative_difference,cumulative_difference,cumulative_difference,missing_immediate_predecessor_or_basis_change,missing_immediate_predecessor_or_basis_change,NOT_ASSIGNED_ACCOUNTING_STAGE,True
00101433,경농,002100,Y,2015,Q4,20160330000786,20160330,ok,EARLIEST_PERIODIC_RECEIPT_XBRL,CFS,2015-12-31,True,12111542849.0,-12037048782.0,6980391660.0,-11091457658.0,174667647960.0,-9854199112.0,35836776040.0,,,,,,,cumulative_difference,cumulative_difference,cumulative_difference,missing_immediate_predecessor_or_basis_change,missing_immediate_predecessor_or_basis_change,NOT_ASSIGNED_ACCOUNTING_STAGE,True
00101488,경동나비엔,009450,Y,2015,Q1,20150514002716,20150514,ok,EARLIEST_PERIODIC_RECEIPT_XBRL,CFS,2015-03-31,True,5499426458.0,5499426458.0,2973597723.0,2973597723.0,191790786715.0,4091641612.0,4091641612.0,,,,,,,direct_q1,direct_q1,direct_q1,missing,missing,NOT_ASSIGNED_ACCOUNTING_STAGE,True
00101488,경동나비엔,009450,Y,2015,Q2,20150813000964,20150813,ok,EARLIEST_PERIODIC_RECEIPT_XBRL,CFS,2015-06-30,True,9783085766.0,4283659308.0,6024682899.0,3051085176.0,195827059653.0,-7894951783.0,-11986593395.0,,,,,,,cumulative_difference,cumulative_difference,cumulative_difference,missing_immediate_predecessor_or_basis_change,missing_immediate_predecessor_or_basis_change,NOT_ASSIGNED_ACCOUNTING_STAGE,True
00101488,경동나비엔,009450,Y,2015,Q3,20151116000075,20151116,ok,EARLIEST_PERIODIC_RECEIPT_XBRL,CFS,2015-09-30,True,13765463957.0,3982378191.0,10969460444.0,4944777545.0,201374498894.0,-5869873148.0,2025078635.0,,,,,,,cumulative_difference,cumulative_difference,cumulative_difference,missing_immediate_predecessor_or_basis_change,missing_immediate_predecessor_or_basis_change,NOT_ASSIGNED_ACCOUNTING_STAGE,True
00101488,경동나비엔,009450,Y,2015,Q4,20160330000365,20160330,ok,EARLIEST_PERIODIC_RECEIPT_XBRL,CFS,2015-12-31,True,24222980512.0,10457516555.0,16751999580.0,5782539136.0,206076608904.0,43719574132.0,49589447280.0,,,,,,,cumulative_difference,cumulative_difference,cumulative_difference,missing_immediate_predecessor_or_basis_change,missing_immediate_predecessor_or_basis_change,NOT_ASSIGNED_ACCOUNTING_STAGE,True
00101549,경동제약,011040,K,2015,Q1,20150515000051,20150515,ok,EARLIEST_PERIODIC_RECEIPT_XBRL,CFS,2015-03-31,True,7758503712.0,7758503712.0,5333938085.0,5333938085.0,190186582673.0,7619222101.0,7619222101.0,2529714995.0,2529714995.0,,,,,direct_q1,direct_q1,direct_q1,direct_q1,missing,NOT_ASSIGNED_ACCOUNTING_STAGE,True
00101549,경동제약,011040,K,2015,Q2,20150813000650,20150813,ok,EARLIEST_PERIODIC_RECEIPT_XBRL,CFS,2015-06-30,True,16081186716.0,8322683004.0,10362724511.0,5028786426.0,198962278255.0,7933027631.0,313805530.0,5771818489.0,3242103494.0,231789600.0,,,,cumulative_difference,cumulative_difference,cumulative_difference,cumulative_difference,missing_immediate_predecessor_or_basis_change,NOT_ASSIGNED_ACCOUNTING_STAGE,True
00101549,경동제약,011040,K,2015,Q3,20151116000278,20151116,ok,EARLIEST_PERIODIC_RECEIPT_XBRL,CFS,2015-09-30,True,21684028057.0,5602841341.0,9864071214.0,-498653297.0,202414003088.0,8466427809.0,533400178.0,7320043947.0,1548225458.0,397289600.0,165500000.0,1713725458.0,-1180325280.0,cumulative_difference,cumulative_difference,cumulative_difference,cumulative_difference,cumulative_difference,NOT_ASSIGNED_ACCOUNTING_STAGE,True
00101549,경동제약,011040,K,2015,Q4,20160329000958,20160329,ok,EARLIEST_PERIODIC_RECEIPT_XBRL,CFS,2015-12-31,True,26019496714.0,4335468657.0,13277248992.0,3413177778.0,204439578745.0,18257173247.0,9790745438.0,10687094113.0,3367050166.0,408729600.0,11440000.0,3378490166.0,6412255272.0,cumulative_difference,cumulative_difference,cumulative_difference,cumulative_difference,cumulative_difference,NOT_ASSIGNED_ACCOUNTING_STAGE,True
00101628,경방,000050,Y,2015,Q1,20150515001125,20150515,ok,EARLIEST_PERIODIC_RECEIPT_XBRL,CFS,2015-03-31,True,7932792671.0,7932792671.0,5267195219.0,5267195219.0,651413557876.0,4354437360.0,4354437360.0,,,,,,,direct_q1,direct_q1,direct_q1,missing,missing,NOT_ASSIGNED_ACCOUNTING_STAGE,True
00101628,경방,000050,Y,2015,Q2,20150817001163,20150817,ok,EARLIEST_PERIODIC_RECEIPT_XBRL,CFS,2015-06-30,True,18106376115.0,10173583444.0,12070384821.0,6803189602.0,658240025181.0,7683510072.0,3329072712.0,,,,,,,cumulative_difference,cumulative_difference,cumulative_difference,missing_immediate_predecessor_or_basis_change,missing_immediate_predecessor_or_basis_change,NOT_ASSIGNED_ACCOUNTING_STAGE,True
00101628,경방,000050,Y,2015,Q3,20151116001055,20151116,ok,EARLIEST_PERIODIC_RECEIPT_XBRL,CFS,2015-09-30,True,27324545942.0,9218169827.0,14774713026.0,2704328205.0,661186200190.0,26661656898.0,18978146826.0,,,,,,,cumulative_difference,cumulative_difference,cumulative_difference,missing_immediate_predecessor_or_basis_change,missing_immediate_predecessor_or_basis_change,NOT_ASSIGNED_ACCOUNTING_STAGE,True
00101628,경방,000050,Y,2015,Q4,20160330001223,20160330,ok,EARLIEST_PERIODIC_RECEIPT_XBRL,CFS,2015-12-31,True,38961511221.0,11636965279.0,16692163219.0,1917450193.0,662952917600.0,39920579766.0,13258922868.0,,,,,,,cumulative_difference,cumulative_difference,cumulative_difference,missing_immediate_predecessor_or_basis_change,missing_immediate_predecessor_or_basis_change,NOT_ASSIGNED_ACCOUNTING_STAGE,True
00101664,경보제약,214390,Y,2015,Q1,,,no_receipt,EARLIEST_PERIODIC_RECEIPT_XBRL,,,True,,,,,,,,,,,,,,missing,missing,missing,missing,missing,NOT_ASSIGNED_ACCOUNTING_STAGE,True
00101664,경보제약,214390,Y,2015,Q2,20150817000564,20150817,ok,EARLIEST_PERIODIC_RECEIPT_XBRL,OFS,2015-06-30,False,13711391528.0,,10690153990.0,,108836221703.0,8728619661.0,,,,,,,,missing_immediate_predecessor_or_basis_change,missing_immediate_predecessor_or_basis_change,missing_immediate_predecessor_or_basis_change,missing_immediate_predecessor_or_basis_change,missing_immediate_predecessor_or_basis_change,NOT_ASSIGNED_ACCOUNTING_STAGE,True
00101664,경보제약,214390,Y,2015,Q3,20151116001104,20151116,ok,EARLIEST_PERIODIC_RECEIPT_XBRL,OFS,2015-09-30,True,19809819696.0,6098428168.0,15781798613.0,5091644623.0,112964401546.0,9024893834.0,296274173.0,,,,,,,cumulative_difference,cumulative_difference,cumulative_difference,missing_immediate_predecessor_or_basis_change,missing_immediate_predecessor_or_basis_change,NOT_ASSIGNED_ACCOUNTING_STAGE,True
00101664,경보제약,214390,Y,2015,Q4,20160330003868,20160330,ok,EARLIEST_PERIODIC_RECEIPT_XBRL,OFS,2015-12-31,True,25632335257.0,5822515561.0,26109623151.0,10327824538.0,122817150566.0,4240141966.0,-4784751868.0,,,,,,,cumulative_difference,cumulative_difference,cumulative_difference,missing_immediate_predecessor_or_basis_change,missing_immediate_predecessor_or_basis_change,NOT_ASSIGNED_ACCOUNTING_STAGE,True
00101752,케이씨피드,025880,K,2015,Q1,20150514004483,20150514,ok,EARLIEST_PERIODIC_RECEIPT_XBRL,CFS,2015-03-31,True,-127691162.0,-127691162.0,-604588062.0,-604588062.0,45498435597.0,2914838966.0,2914838966.0,,,,,,,direct_q1,direct_q1,direct_q1,missing,missing,NOT_ASSIGNED_ACCOUNTING_STAGE,True
00101752,케이씨피드,025880,K,2015,Q2,20150813000507,20150813,ok,EARLIEST_PERIODIC_RECEIPT_XBRL,CFS,2015-06-30,True,-539223757.0,-411532595.0,-1139786347.0,-535198285.0,44960646883.0,4945029457.0,2030190491.0,,,,,,,cumulative_difference,cumulative_difference,cumulative_difference,missing_immediate_predecessor_or_basis_change,missing_immediate_predecessor_or_basis_change,NOT_ASSIGNED_ACCOUNTING_STAGE,True
00101752,케이씨피드,025880,K,2015,Q3,20151113000614,20151113,ok,EARLIEST_PERIODIC_RECEIPT_XBRL,CFS,2015-09-30,True,-630496411.0,-91272654.0,-2517297989.0,-1377511642.0,43523331183.0,4258477537.0,-686551920.0,,,,,,,cumulative_difference,cumulative_difference,cumulative_difference,missing_immediate_predecessor_or_basis_change,missing_immediate_predecessor_or_basis_change,NOT_ASSIGNED_ACCOUNTING_STAGE,True
00101752,케이씨피드,025880,K,2015,Q4,20160330003444,20160330,ok,EARLIEST_PERIODIC_RECEIPT_XBRL,CFS,2015-12-31,True,-374134362.0,256362049.0,-2142465766.0,374832223.0,44140243190.0,3532102241.0,-726375296.0,,,,,,,cumulative_difference,cumulative_difference,cumulative_difference,missing_immediate_predecessor_or_basis_change,missing_immediate_predecessor_or_basis_change,NOT_ASSIGNED_ACCOUNTING_STAGE,True
00102113,경인양행,012610,Y,2015,Q1,20150515000371,20150515,ok,EARLIEST_PERIODIC_RECEIPT_XBRL,CFS,2015-03-31,True,714417090.0,714417090.0,450688246.0,450688246.0,196988957835.0,-736060420.0,-736060420.0,1634397166.0,1634397166.0,76343400.0,76343400.0,1710740566.0,-2446800986.0,direct_q1,direct_q1,direct_q1,direct_q1,direct_q1,NOT_ASSIGNED_ACCOUNTING_STAGE,True
00102113,경인양행,012610,Y,2015,Q2,20150813001318,20150813,ok,EARLIEST_PERIODIC_RECEIPT_XBRL,CFS,2015-06-30,True,4674346625.0,3959929535.0,4046314920.0,3595626674.0,201127105301.0,-6511237614.0,-5775177194.0,3578615165.0,1944217999.0,76343400.0,0.0,1944217999.0,-7719395193.0,cumulative_difference,cumulative_difference,cumulative_difference,cumulative_difference,cumulative_difference,NOT_ASSIGNED_ACCOUNTING_STAGE,True
00102113,경인양행,012610,Y,2015,Q3,20151116000626,20151116,ok,EARLIEST_PERIODIC_RECEIPT_XBRL,CFS,2015-09-30,True,6025456816.0,1351110191.0,4035384894.0,-10930026.0,201904225471.0,-7959118206.0,-1447880592.0,5980564168.0,2401949003.0,76343400.0,0.0,2401949003.0,-3849829595.0,cumulative_difference,cumulative_difference,cumulative_difference,cumulative_difference,cumulative_difference,NOT_ASSIGNED_ACCOUNTING_STAGE,True
00102113,경인양행,012610,Y,2015,Q4,20160330002299,20160330,ok,EARLIEST_PERIODIC_RECEIPT_XBRL,CFS,2015-12-31,True,6718133779.0,692676963.0,3670894653.0,-364490241.0,201125303678.0,5444861072.0,13403979278.0,10455012352.0,4474448184.0,76343400.0,0.0,4474448184.0,8929531094.0,cumulative_difference,cumulative_difference,cumulative_difference,cumulative_difference,cumulative_difference,NOT_ASSIGNED_ACCOUNTING_STAGE,True
00102140,경인전자,009140,Y,2015,Q1,20150514000650,20150514,ok,EARLIEST_PERIODIC_RECEIPT_XBRL,CFS,2015-03-31,True,667635628.0,667635628.0,373954579.0,373954579.0,57746142697.0,-810666263.0,-810666263.0,35885007.0,35885007.0,0.0,0.0,35885007.0,-846551270.0,direct_q1,direct_q1,direct_q1,direct_q1,direct_q1,NOT_ASSIGNED_ACCOUNTING_STAGE,True
00102140,경인전자,009140,Y,2015,Q2,20150813000463,20150813,ok,EARLIEST_PERIODIC_RECEIPT_XBRL,CFS,2015-06-30,True,855466473.0,187830845.0,318425251.0,-55529328.0,58222660448.0,583775968.0,1394442231.0,56079528.0,20194521.0,0.0,0.0,20194521.0,1374247710.0,cumulative_difference,cumulative_difference,cumulative_difference,cumulative_difference,cumulative_difference,NOT_ASSIGNED_ACCOUNTING_STAGE,True
00102140,경인전자,009140,Y,2015,Q3,20151113000483,20151113,ok,EARLIEST_PERIODIC_RECEIPT_XBRL,CFS,2015-09-30,True,1301379417.0,445912944.0,1005527599.0,687102348.0,59572498400.0,867440854.0,283664886.0,101350858.0,45271330.0,0.0,0.0,45271330.0,238393556.0,cumulative_difference,cumulative_difference,cumulative_difference,cumulative_difference,cumulative_difference,NOT_ASSIGNED_ACCOUNTING_STAGE,True
00102140,경인전자,009140,Y,2015,Q4,20160328000417,20160328,ok,EARLIEST_PERIODIC_RECEIPT_XBRL,CFS,2015-12-31,True,1670956036.0,369576619.0,1335440146.0,329912547.0,59623118439.0,2167996593.0,1300555739.0,109496296.0,8145438.0,0.0,0.0,8145438.0,1292410301.0,cumulative_difference,cumulative_difference,cumulative_difference,cumulative_difference,cumulative_difference,NOT_ASSIGNED_ACCOUNTING_STAGE,True
00102353,경창산업,024910,K,2015,Q1,20150515001859,20150515,ok,EARLIEST_PERIODIC_RECEIPT_XBRL,CFS,2015-03-31,True,9148377572.0,9148377572.0,8268533645.0,8268533645.0,156030791030.0,8623800588.0,8623800588.0,10000505332.0,10000505332.0,,,,,direct_q1,direct_q1,direct_q1,direct_q1,missing,NOT_ASSIGNED_ACCOUNTING_STAGE,True
00102353,경창산업,024910,K,2015,Q2,20150817000563,20150817,ok,EARLIEST_PERIODIC_RECEIPT_XBRL,CFS,2015-06-30,True,19858466933.0,10710089361.0,14367675552.0,6099141907.0,163599693707.0,48420026600.0,39796226012.0,29209039542.0,19208534210.0,,,,,cumulative_difference,cumulative_difference,cumulative_difference,cumulative_difference,missing_immediate_predecessor_or_basis_change,NOT_ASSIGNED_ACCOUNTING_STAGE,True
00102353,경창산업,024910,K,2015,Q3,20151116000483,20151116,ok,EARLIEST_PERIODIC_RECEIPT_XBRL,CFS,2015-09-30,True,17987521418.0,-1870945515.0,9497363338.0,-4870312214.0,148821889276.0,64517687048.0,16097660448.0,41600413643.0,12391374101.0,,,,,cumulative_difference,cumulative_difference,cumulative_difference,cumulative_difference,missing_immediate_predecessor_or_basis_change,NOT_ASSIGNED_ACCOUNTING_STAGE,True
00102353,경창산업,024910,K,2015,Q4,20160330000787,20160330,ok,EARLIEST_PERIODIC_RECEIPT_XBRL,CFS,2015-12-31,True,,,13541742785.0,4044379447.0,138933393769.0,79339850000.0,14822162952.0,63060067703.0,21459654060.0,,,,,missing_immediate_predecessor_or_basis_change,cumulative_difference,cumulative_difference,cumulative_difference,missing_immediate_predecessor_or_basis_change,NOT_ASSIGNED_ACCOUNTING_STAGE,True
00102432,계룡건설산업,013580,Y,2015,Q1,20150515002613,20150515,ok,EARLIEST_PERIODIC_RECEIPT_XBRL,CFS,2015-03-31,True,8634274500.0,8634274500.0,2540522839.0,2540522839.0,302449007841.0,71036554412.0,71036554412.0,1006659380.0,1006659380.0,,,,,direct_q1,direct_q1,direct_q1,direct_q1,missing,NOT_ASSIGNED_ACCOUNTING_STAGE,True
00102432,계룡건설산업,013580,Y,2015,Q2,20150817000944,20150817,ok,EARLIEST_PERIODIC_RECEIPT_XBRL,CFS,2015-06-30,True,16570424566.0,7936150066.0,7043272878.0,4502750039.0,307196284821.0,97157671007.0,26121116595.0,2216589561.0,1209930181.0,,,,,cumulative_difference,cumulative_difference,cumulative_difference,cumulative_difference,missing_immediate_predecessor_or_basis_change,NOT_ASSIGNED_ACCOUNTING_STAGE,True
00102432,계룡건설산업,013580,Y,2015,Q3,20151116001262,20151116,ok,EARLIEST_PERIODIC_RECEIPT_XBRL,CFS,2015-09-30,True,22830432128.0,6260007562.0,9384455189.0,2341182311.0,309599261764.0,50742880285.0,-46414790722.0,3927897910.0,1711308349.0,1547500000.0,,,,cumulative_difference,cumulative_difference,cumulative_difference,cumulative_difference,missing_immediate_predecessor_or_basis_change,NOT_ASSIGNED_ACCOUNTING_STAGE,True
00102432,계룡건설산업,013580,Y,2015,Q4,20160330004506,20160330,ok,EARLIEST_PERIODIC_RECEIPT_XBRL,CFS,2015-12-31,True,36100271899.0,13269839771.0,16899683453.0,7515228264.0,317920136330.0,139557171762.0,88814291477.0,5332047687.0,1404149777.0,1586500000.0,39000000.0,1443149777.0,87371141700.0,cumulative_difference,cumulative_difference,cumulative_difference,cumulative_difference,cumulative_difference,NOT_ASSIGNED_ACCOUNTING_STAGE,True
00102618,계양전기,012200,Y,2015,Q1,20150515002339,20150515,ok,EARLIEST_PERIODIC_RECEIPT_XBRL,CFS,2015-03-31,True,2982641323.0,2982641323.0,2792615625.0,2792615625.0,154205260822.0,7688360725.0,7688360725.0,2410936905.0,2410936905.0,249009639.0,249009639.0,2659946544.0,5028414181.0,direct_q1,direct_q1,direct_q1,direct_q1,direct_q1,NOT_ASSIGNED_ACCOUNTING_STAGE,True
00102618,계양전기,012200,Y,2015,Q2,20150813000727,20150813,ok,EARLIEST_PERIODIC_RECEIPT_XBRL,CFS,2015-06-30,True,5166686944.0,2184045621.0,5907873922.0,3115258297.0,157442327256.0,3445475545.0,-4242885180.0,5918740368.0,3507803463.0,554445380.0,305435741.0,3813239204.0,-8056124384.0,cumulative_difference,cumulative_difference,cumulative_difference,cumulative_difference,cumulative_difference,NOT_ASSIGNED_ACCOUNTING_STAGE,True
00102618,계양전기,012200,Y,2015,Q3,20151116000610,20151116,ok,EARLIEST_PERIODIC_RECEIPT_XBRL,CFS,2015-09-30,True,7247002549.0,2080315605.0,9292481253.0,3384607331.0,161116791310.0,11708131619.0,8262656074.0,14584870634.0,8666130266.0,955919188.0,401473808.0,9067604074.0,-804948000.0,cumulative_difference,cumulative_difference,cumulative_difference,cumulative_difference,cumulative_difference,NOT_ASSIGNED_ACCOUNTING_STAGE,True
00102618,계양전기,012200,Y,2015,Q4,20160330003412,20160330,ok,EARLIEST_PERIODIC_RECEIPT_XBRL,CFS,2015-12-31,True,7103017012.0,-143985537.0,9581186296.0,288705043.0,160448786409.0,19205121793.0,7496990174.0,25414093430.0,10829222796.0,1419633423.0,463714235.0,11292937031.0,-3795946857.0,cumulative_difference,cumulative_difference,cumulative_difference,cumulative_difference,cumulative_difference,NOT_ASSIGNED_ACCOUNTING_STAGE,True
00102751,고려산업,002140,Y,2015,Q1,20150514001203,20150514,ok,EARLIEST_PERIODIC_RECEIPT_XBRL,CFS,2015-03-31,True,3636685902.0,3636685902.0,2509614640.0,2509614640.0,76957965583.0,10036363111.0,10036363111.0,654276149.0,654276149.0,0.0,0.0,654276149.0,9382086962.0,direct_q1,direct_q1,direct_q1,direct_q1,direct_q1,NOT_ASSIGNED_ACCOUNTING_STAGE,True
00102751,고려산업,002140,Y,2015,Q2,20150813000508,20150813,ok,EARLIEST_PERIODIC_RECEIPT_XBRL,CFS,2015-06-30,True,5702746326.0,2066060424.0,4008103236.0,1498488596.0,78359414636.0,11153445400.0,1117082289.0,1678724779.0,1024448630.0,20482000.0,20482000.0,1044930630.0,72151659.0,cumulative_difference,cumulative_difference,cumulative_difference,cumulative_difference,cumulative_difference,NOT_ASSIGNED_ACCOUNTING_STAGE,True
00102751,고려산업,002140,Y,2015,Q3,20151116000906,20151116,ok,EARLIEST_PERIODIC_RECEIPT_XBRL,CFS,2015-09-30,True,6667210197.0,964463871.0,4939538974.0,931435738.0,78739645818.0,5000504608.0,-6152940792.0,2259976349.0,581251570.0,20482000.0,0.0,581251570.0,-6734192362.0,cumulative_difference,cumulative_difference,cumulative_difference,cumulative_difference,cumulative_difference,NOT_ASSIGNED_ACCOUNTING_STAGE,True
00102751,고려산업,002140,Y,2015,Q4,20160330000094,20160330,ok,EARLIEST_PERIODIC_RECEIPT_XBRL,CFS,2015-12-31,True,6761497543.0,94287346.0,5400030676.0,460491702.0,79342018649.0,9550784347.0,4550279739.0,3761586241.0,1501609892.0,20482000.0,0.0,1501609892.0,3048669847.0,cumulative_difference,cumulative_difference,cumulative_difference,cumulative_difference,cumulative_difference,NOT_ASSIGNED_ACCOUNTING_STAGE,True
00102858,고려아연,010130,Y,2015,Q1,20150515001430,20150515,ok,EARLIEST_PERIODIC_RECEIPT_XBRL,CFS,2015-03-31,True,172760383903.0,172760383903.0,131892717226.0,131892717226.0,4816905840829.0,259875209430.0,259875209430.0,,,,,,,direct_q1,direct_q1,direct_q1,missing,missing,NOT_ASSIGNED_ACCOUNTING_STAGE,True
00102858,고려아연,010130,Y,2015,Q2,20150817000784,20150817,ok,EARLIEST_PERIODIC_RECEIPT_XBRL,CFS,2015-06-30,True,365224936314.0,192464552411.0,285742592662.0,153849875436.0,5028923860734.0,496154386972.0,236279177542.0,283539993042.0,,150000000.0,,,,cumulative_difference,cumulative_difference,cumulative_difference,missing_immediate_predecessor_or_basis_change,missing_immediate_predecessor_or_basis_change,NOT_ASSIGNED_ACCOUNTING_STAGE,True
00102858,고려아연,010130,Y,2015,Q3,20151116000577,20151116,ok,EARLIEST_PERIODIC_RECEIPT_XBRL,CFS,2015-09-30,True,543944296830.0,178719360516.0,415486987037.0,129744394375.0,5170141780654.0,762410344269.0,266255957297.0,387494325572.0,103954332530.0,150000000.0,0.0,103954332530.0,162301624767.0,cumulative_difference,cumulative_difference,cumulative_difference,cumulative_difference,cumulative_difference,NOT_ASSIGNED_ACCOUNTING_STAGE,True
00102858,고려아연,010130,Y,2015,Q4,20160330002726,20160330,ok,EARLIEST_PERIODIC_RECEIPT_XBRL,CFS,2015-12-31,True,672218933053.0,128274636223.0,513990324342.0,98503337305.0,5219368828324.0,944860095270.0,182449751001.0,479884968664.0,92390643092.0,301121860.0,151121860.0,92541764952.0,89907986049.0,cumulative_difference,cumulative_difference,cumulative_difference,cumulative_difference,cumulative_difference,NOT_ASSIGNED_ACCOUNTING_STAGE,True
00103006,고려제강,002240,Y,2015,Q1,20150515001128,20150515,ok,EARLIEST_PERIODIC_RECEIPT_XBRL,CFS,2015-03-31,True,13578287235.0,13578287235.0,3746278379.0,3746278379.0,1478692385721.0,-9580527957.0,-9580527957.0,,,,,,,direct_q1,direct_q1,direct_q1,missing,missing,NOT_ASSIGNED_ACCOUNTING_STAGE,True
00103006,고려제강,002240,Y,2015,Q2,20150813000409,20150813,ok,EARLIEST_PERIODIC_RECEIPT_XBRL,CFS,2015-06-30,True,28560048221.0,14981760986.0,15453576024.0,11707297645.0,1501886799892.0,91498124225.0,101078652182.0,,,,,,,cumulative_difference,cumulative_difference,cumulative_difference,missing_immediate_predecessor_or_basis_change,missing_immediate_predecessor_or_basis_change,NOT_ASSIGNED_ACCOUNTING_STAGE,True
00103006,고려제강,002240,Y,2015,Q3,20151113000519,20151113,ok,EARLIEST_PERIODIC_RECEIPT_XBRL,CFS,2015-09-30,True,31709880143.0,3149831922.0,10559523264.0,-4894052760.0,1477363146955.0,128392709011.0,36894584786.0,,,,,,,cumulative_difference,cumulative_difference,cumulative_difference,missing_immediate_predecessor_or_basis_change,missing_immediate_predecessor_or_basis_change,NOT_ASSIGNED_ACCOUNTING_STAGE,True
00103006,고려제강,002240,Y,2015,Q4,20160330001882,20160330,ok,EARLIEST_PERIODIC_RECEIPT_XBRL,CFS,2015-12-31,True,43067164831.0,11357284688.0,17403366971.0,6843843707.0,1469794841456.0,200742673806.0,72349964795.0,,,,,,,cumulative_difference,cumulative_difference,cumulative_difference,missing_immediate_predecessor_or_basis_change,missing_immediate_predecessor_or_basis_change,NOT_ASSIGNED_ACCOUNTING_STAGE,True
00103015,고려제약,014570,K,2015,Q1,20150515000151,20150515,ok,EARLIEST_PERIODIC_RECEIPT_XBRL,OFS,2015-03-31,True,710230341.0,710230341.0,618732864.0,618732864.0,48664138179.0,3056055572.0,3056055572.0,,,,,,,direct_q1,direct_q1,direct_q1,missing,missing,NOT_ASSIGNED_ACCOUNTING_STAGE,True
00103015,고려제약,014570,K,2015,Q2,20150817000951,20150817,ok,EARLIEST_PERIODIC_RECEIPT_XBRL,OFS,2015-06-30,True,955477354.0,245247013.0,911424993.0,292692129.0,48995064763.0,3460416898.0,404361326.0,,,,,,,cumulative_difference,cumulative_difference,cumulative_difference,missing_immediate_predecessor_or_basis_change,missing_immediate_predecessor_or_basis_change,NOT_ASSIGNED_ACCOUNTING_STAGE,True
00103015,고려제약,014570,K,2015,Q3,20151116000355,20151116,ok,EARLIEST_PERIODIC_RECEIPT_XBRL,OFS,2015-09-30,True,1906098761.0,950621407.0,1748456652.0,837031659.0,49783336906.0,6934087104.0,3473670206.0,,,,,,,cumulative_difference,cumulative_difference,cumulative_difference,missing_immediate_predecessor_or_basis_change,missing_immediate_predecessor_or_basis_change,NOT_ASSIGNED_ACCOUNTING_STAGE,True
00103015,고려제약,014570,K,2015,Q4,20160330000359,20160330,ok,EARLIEST_PERIODIC_RECEIPT_XBRL,OFS,2015-12-31,True,2534544435.0,628445674.0,1773790445.0,25333793.0,49678757600.0,6132817592.0,-801269512.0,,,,,,,cumulative_difference,cumulative_difference,cumulative_difference,missing_immediate_predecessor_or_basis_change,missing_immediate_predecessor_or_basis_change,NOT_ASSIGNED_ACCOUNTING_STAGE,True
00103042,케이씨티시,009070,Y,2015,Q1,20150515002375,20150515,ok,EARLIEST_PERIODIC_RECEIPT_XBRL,CFS,2015-03-31,True,2772509251.0,2772509251.0,3533303753.0,3533303753.0,167575458611.0,1096831824.0,1096831824.0,9221179814.0,9221179814.0,,,,,direct_q1,direct_q1,direct_q1,direct_q1,missing,NOT_ASSIGNED_ACCOUNTING_STAGE,True
00103042,케이씨티시,009070,Y,2015,Q2,20150813000958,20150813,ok,EARLIEST_PERIODIC_RECEIPT_XBRL,CFS,2015-06-30,True,6820270111.0,4047760860.0,1015395483.0,-2517908270.0,164924093069.0,4154677576.0,3057845752.0,16987591105.0,7766411291.0,309138250.0,,,,cumulative_difference,cumulative_difference,cumulative_difference,cumulative_difference,missing_immediate_predecessor_or_basis_change,NOT_ASSIGNED_ACCOUNTING_STAGE,True
00103042,케이씨티시,009070,Y,2015,Q3,20151116000455,20151116,ok,EARLIEST_PERIODIC_RECEIPT_XBRL,CFS,2015-09-30,True,11457414303.0,4637144192.0,7215500917.0,6200105434.0,170996823983.0,5355242906.0,1200565330.0,21390561170.0,4402970065.0,597411326.0,288273076.0,4691243141.0,-3490677811.0,cumulative_difference,cumulative_difference,cumulative_difference,cumulative_difference,cumulative_difference,NOT_ASSIGNED_ACCOUNTING_STAGE,True
00103042,케이씨티시,009070,Y,2015,Q4,20160330003704,20160330,ok,EARLIEST_PERIODIC_RECEIPT_XBRL,CFS,2015-12-31,True,13385079688.0,1927665385.0,9071982622.0,1856481705.0,172021197230.0,14044650064.0,8689407158.0,37989410638.0,16598849468.0,597105326.0,,,,cumulative_difference,cumulative_difference,cumulative_difference,cumulative_difference,negative_normalized_capex_delta_missing,NOT_ASSIGNED_ACCOUNTING_STAGE,True
00103130,MDS스피어,009810,Y,2015,Q1,20150515001113,20150515,ok,EARLIEST_PERIODIC_RECEIPT_XBRL,CFS,2015-03-31,True,-483758537.0,-483758537.0,135779204.0,135779204.0,30279240891.0,,,,,,,,,direct_q1,direct_q1,missing,missing,missing,NOT_ASSIGNED_ACCOUNTING_STAGE,True
00103130,MDS스피어,009810,Y,2015,Q2,20150817000637,20150817,ok,EARLIEST_PERIODIC_RECEIPT_XBRL,CFS,2015-06-30,True,-783174708.0,-299416171.0,342019677.0,206240473.0,30811623983.0,-11499757850.0,,8287758.0,,,,,,cumulative_difference,cumulative_difference,missing_immediate_predecessor_or_basis_change,missing_immediate_predecessor_or_basis_change,missing_immediate_predecessor_or_basis_change,NOT_ASSIGNED_ACCOUNTING_STAGE,True
00103130,MDS스피어,009810,Y,2015,Q3,20151111000103,20151111,ok,EARLIEST_PERIODIC_RECEIPT_XBRL,CFS,2015-09-30,True,-780036472.0,3138236.0,2227667508.0,1885647831.0,33507548289.0,-10257156404.0,1242601446.0,1462515.0,,,,,,cumulative_difference,cumulative_difference,cumulative_difference,negative_normalized_capex_delta_missing,missing_immediate_predecessor_or_basis_change,NOT_ASSIGNED_ACCOUNTING_STAGE,True
00103130,MDS스피어,009810,Y,2015,Q4,20160330000344,20160330,ok,EARLIEST_PERIODIC_RECEIPT_XBRL,CFS,2015-12-31,True,-557356647.0,222679825.0,2158057644.0,-69609864.0,39520723678.0,-8120533129.0,2136623275.0,2412411.0,949896.0,,,,,cumulative_difference,cumulative_difference,cumulative_difference,cumulative_difference,missing_immediate_predecessor_or_basis_change,NOT_ASSIGNED_ACCOUNTING_STAGE,True
00103176,흥국화재,000540,Y,2015,Q1,20150515002751,20150515,no_xbrl_zip,EARLIEST_PERIODIC_RECEIPT_XBRL,,,True,,,,,,,,,,,,,,missing,missing,missing,missing,missing,NOT_ASSIGNED_ACCOUNTING_STAGE,True
00103176,흥국화재,000540,Y,2015,Q2,20150817000643,20150817,no_xbrl_zip,EARLIEST_PERIODIC_RECEIPT_XBRL,,,False,,,,,,,,,,,,,,missing_immediate_predecessor_or_basis_change,missing_immediate_predecessor_or_basis_change,missing_immediate_predecessor_or_basis_change,missing_immediate_predecessor_or_basis_change,missing_immediate_predecessor_or_basis_change,NOT_ASSIGNED_ACCOUNTING_STAGE,True
00103176,흥국화재,000540,Y,2015,Q3,20151113001147,20151113,no_xbrl_zip,EARLIEST_PERIODIC_RECEIPT_XBRL,,,False,,,,,,,,,,,,,,missing_immediate_predecessor_or_basis_change,missing_immediate_predecessor_or_basis_change,missing_immediate_predecessor_or_basis_change,missing_immediate_predecessor_or_basis_change,missing_immediate_predecessor_or_basis_change,NOT_ASSIGNED_ACCOUNTING_STAGE,True
00103176,흥국화재,000540,Y,2015,Q4,20160329001205,20160329,no_xbrl_zip,EARLIEST_PERIODIC_RECEIPT_XBRL,,,False,,,,,,,,,,,,,,missing_immediate_predecessor_or_basis_change,missing_immediate_predecessor_or_basis_change,missing_immediate_predecessor_or_basis_change,missing_immediate_predecessor_or_basis_change,missing_immediate_predecessor_or_basis_change,NOT_ASSIGNED_ACCOUNTING_STAGE,True
00103510,인지컨트롤스,023800,Y,2015,Q1,20150515001196,20150515,ok,EARLIEST_PERIODIC_RECEIPT_XBRL,CFS,2015-03-31,True,3320678404.0,3320678404.0,65467268.0,65467268.0,190629338596.0,,,6816230682.0,6816230682.0,1356058250.0,1356058250.0,8172288932.0,,direct_q1,direct_q1,missing,direct_q1,direct_q1,NOT_ASSIGNED_ACCOUNTING_STAGE,True
00103510,인지컨트롤스,023800,Y,2015,Q2,20150817000708,20150817,ok,EARLIEST_PERIODIC_RECEIPT_XBRL,CFS,2015-06-30,True,7993178352.0,4672499948.0,2688746430.0,2623279162.0,194705588995.0,,,11006865863.0,4190635181.0,1624530877.0,268472627.0,4459107808.0,,cumulative_difference,cumulative_difference,missing_immediate_predecessor_or_basis_change,cumulative_difference,cumulative_difference,NOT_ASSIGNED_ACCOUNTING_STAGE,True
00103510,인지컨트롤스,023800,Y,2015,Q3,20151116000287,20151116,ok,EARLIEST_PERIODIC_RECEIPT_XBRL,CFS,2015-09-30,True,12311002482.0,4317824130.0,4431016579.0,1742270149.0,200371739022.0,,,18281705325.0,7274839462.0,1661318409.0,36787532.0,7311626994.0,,cumulative_difference,cumulative_difference,missing_immediate_predecessor_or_basis_change,cumulative_difference,cumulative_difference,NOT_ASSIGNED_ACCOUNTING_STAGE,True
00103510,인지컨트롤스,023800,Y,2015,Q4,20160330000894,20160330,ok,EARLIEST_PERIODIC_RECEIPT_XBRL,CFS,2015-12-31,True,18220305398.0,5909302916.0,8714718429.0,4283701850.0,202648003140.0,,,26188117736.0,7906412411.0,1971454570.0,310136161.0,8216548572.0,,cumulative_difference,cumulative_difference,missing_immediate_predecessor_or_basis_change,cumulative_difference,cumulative_difference,NOT_ASSIGNED_ACCOUNTING_STAGE,True
00103547,우진비앤지,018620,K,2015,Q1,20150515002608,20150515,ok,EARLIEST_PERIODIC_RECEIPT_XBRL,OFS,2015-03-31,True,295505838.0,295505838.0,260901167.0,260901167.0,20833165477.0,,,,,,,,,direct_q1,direct_q1,missing,missing,missing,NOT_ASSIGNED_ACCOUNTING_STAGE,True
00103547,우진비앤지,018620,K,2015,Q2,20150813001480,20150813,ok,EARLIEST_PERIODIC_RECEIPT_XBRL,OFS,2015-06-30,True,527952752.0,232446914.0,565834661.0,304933494.0,21183138065.0,,,,,,,,,cumulative_difference,cumulative_difference,missing_immediate_predecessor_or_basis_change,missing_immediate_predecessor_or_basis_change,missing_immediate_predecessor_or_basis_change,NOT_ASSIGNED_ACCOUNTING_STAGE,True
00103547,우진비앤지,018620,K,2015,Q3,20151116000621,20151116,ok,EARLIEST_PERIODIC_RECEIPT_XBRL,OFS,2015-09-30,True,333395995.0,-194556757.0,589142310.0,23307649.0,21183274899.0,-22872454.0,,3626535083.0,,0.0,,,,cumulative_difference,cumulative_difference,missing_immediate_predecessor_or_basis_change,missing_immediate_predecessor_or_basis_change,missing_immediate_predecessor_or_basis_change,NOT_ASSIGNED_ACCOUNTING_STAGE,True
00103547,우진비앤지,018620,K,2015,Q4,20160330001642,20160330,ok,EARLIEST_PERIODIC_RECEIPT_XBRL,OFS,2015-12-31,True,-1119418.0,-334515413.0,352764170.0,-236378140.0,21903985273.0,-1569443570.0,-1546571116.0,9139297032.0,5512761949.0,1750000.0,1750000.0,5514511949.0,-7061083065.0,cumulative_difference,cumulative_difference,cumulative_difference,cumulative_difference,cumulative_difference,NOT_ASSIGNED_ACCOUNTING_STAGE,True
00103592,광동제약,009290,Y,2015,Q1,20150515000962,20150515,ok,EARLIEST_PERIODIC_RECEIPT_XBRL,CFS,2015-03-31,True,10696971546.0,10696971546.0,8052839617.0,8052839617.0,347072042814.0,17803062728.0,17803062728.0,2783609039.0,2783609039.0,0.0,0.0,2783609039.0,15019453689.0,direct_q1,direct_q1,direct_q1,direct_q1,direct_q1,NOT_ASSIGNED_ACCOUNTING_STAGE,True
00103592,광동제약,009290,Y,2015,Q2,20150817000289,20150817,ok,EARLIEST_PERIODIC_RECEIPT_XBRL,CFS,2015-06-30,True,25980058634.0,15283087088.0,19466436272.0,11413596655.0,358910108424.0,31559436314.0,13756373586.0,5444949610.0,2661340571.0,110922000.0,110922000.0,2772262571.0,10984111015.0,cumulative_difference,cumulative_difference,cumulative_difference,cumulative_difference,cumulative_difference,NOT_ASSIGNED_ACCOUNTING_STAGE,True
00103592,광동제약,009290,Y,2015,Q3,20151113000804,20151113,ok,EARLIEST_PERIODIC_RECEIPT_XBRL,CFS,2015-09-30,True,40747062832.0,14767004198.0,29742441586.0,10276005314.0,369852444585.0,34581166565.0,3021730251.0,24964376921.0,19519427311.0,112702000.0,1780000.0,19521207311.0,-16499477060.0,cumulative_difference,cumulative_difference,cumulative_difference,cumulative_difference,cumulative_difference,NOT_ASSIGNED_ACCOUNTING_STAGE,True
00103592,광동제약,009290,Y,2015,Q4,20160329000693,20160329,ok,EARLIEST_PERIODIC_RECEIPT_XBRL,CFS,2015-12-31,True,50866462182.0,10119399350.0,36083163108.0,6340721522.0,377727717970.0,41143925452.0,6562758887.0,27028214609.0,2063837688.0,531624000.0,418922000.0,2482759688.0,4079999199.0,cumulative_difference,cumulative_difference,cumulative_difference,cumulative_difference,cumulative_difference,NOT_ASSIGNED_ACCOUNTING_STAGE,True
00103644,비츠로테크,042370,K,2015,Q1,20150515000042,20150515,ok,EARLIEST_PERIODIC_RECEIPT_XBRL,OFS,2015-03-31,True,1885901987.0,1885901987.0,2914880239.0,2914880239.0,56952359699.0,3791653699.0,3791653699.0,,,,,,,direct_q1,direct_q1,direct_q1,missing,missing,NOT_ASSIGNED_ACCOUNTING_STAGE,True
00103644,비츠로테크,042370,K,2015,Q2,20150930000273,20150930,ok,EARLIEST_PERIODIC_RECEIPT_XBRL,OFS,2015-06-30,True,1027442073.0,-858459914.0,2232367063.0,-682513176.0,55507187272.0,4043332611.0,251678912.0,,,,,,,cumulative_difference,cumulative_difference,cumulative_difference,missing_immediate_predecessor_or_basis_change,missing_immediate_predecessor_or_basis_change,NOT_ASSIGNED_ACCOUNTING_STAGE,True
00103644,비츠로테크,042370,K,2015,Q3,20151116001693,20151116,ok,EARLIEST_PERIODIC_RECEIPT_XBRL,OFS,2015-09-30,True,-549593340.0,-1577035413.0,88979313.0,-2143387750.0,55657736238.0,-2083989111.0,-6127321722.0,,,,,,,cumulative_difference,cumulative_difference,cumulative_difference,missing_immediate_predecessor_or_basis_change,missing_immediate_predecessor_or_basis_change,NOT_ASSIGNED_ACCOUNTING_STAGE,True
00103644,비츠로테크,042370,K,2015,Q4,20160215000391,20160215,ok,EARLIEST_PERIODIC_RECEIPT_XBRL,OFS,2015-12-31,True,-2413290262.0,-1863696922.0,-1353644922.0,-1442624235.0,54153233209.0,3368423641.0,5452412752.0,,,,,,,cumulative_difference,cumulative_difference,cumulative_difference,missing_immediate_predecessor_or_basis_change,missing_immediate_predecessor_or_basis_change,NOT_ASSIGNED_ACCOUNTING_STAGE,True
00103662,광명전기,017040,Y,2015,Q1,20150515001579,20150515,ok,EARLIEST_PERIODIC_RECEIPT_XBRL,CFS,2015-03-31,True,2640612279.0,2640612279.0,1400660251.0,1400660251.0,80578037274.0,12760801680.0,12760801680.0,,,,,,,direct_q1,direct_q1,direct_q1,missing,missing,NOT_ASSIGNED_ACCOUNTING_STAGE,True
00103662,광명전기,017040,Y,2015,Q2,20150817000409,20150817,ok,EARLIEST_PERIODIC_RECEIPT_XBRL,CFS,2015-06-30,True,6516247143.0,3875634864.0,5318028999.0,3917368748.0,84640436896.0,16562906549.0,3802104869.0,,,,,,,cumulative_difference,cumulative_difference,cumulative_difference,missing_immediate_predecessor_or_basis_change,missing_immediate_predecessor_or_basis_change,NOT_ASSIGNED_ACCOUNTING_STAGE,True
00103662,광명전기,017040,Y,2015,Q3,20151113000313,20151113,ok,EARLIEST_PERIODIC_RECEIPT_XBRL,CFS,2015-09-30,True,8383015798.0,1866768655.0,7876924823.0,2558895824.0,87084102444.0,17759330584.0,1196424035.0,,,,,,,cumulative_difference,cumulative_difference,cumulative_difference,missing_immediate_predecessor_or_basis_change,missing_immediate_predecessor_or_basis_change,NOT_ASSIGNED_ACCOUNTING_STAGE,True
00103662,광명전기,017040,Y,2015,Q4,20160330002751,20160330,ok,EARLIEST_PERIODIC_RECEIPT_XBRL,CFS,2015-12-31,True,9342094634.0,959078836.0,8891002010.0,1014077187.0,87829336423.0,18501076319.0,741745735.0,,,,,,,cumulative_difference,cumulative_difference,cumulative_difference,missing_immediate_predecessor_or_basis_change,missing_immediate_predecessor_or_basis_change,NOT_ASSIGNED_ACCOUNTING_STAGE,True
00104120,광진실업,026910,K,2015,Q1,20150515000467,20150515,ok,EARLIEST_PERIODIC_RECEIPT_XBRL,OFS,2015-03-31,True,90164797.0,90164797.0,41993535.0,41993535.0,28172792191.0,1801776639.0,1801776639.0,136762890.0,136762890.0,,,,,direct_q1,direct_q1,direct_q1,direct_q1,missing,NOT_ASSIGNED_ACCOUNTING_STAGE,True
00104120,광진실업,026910,K,2015,Q2,20150813000114,20150813,ok,EARLIEST_PERIODIC_RECEIPT_XBRL,OFS,2015-06-30,True,204132376.0,113967579.0,150194919.0,108201384.0,28280993575.0,2149666193.0,347889554.0,2186009517.0,2049246627.0,0.0,,,,cumulative_difference,cumulative_difference,cumulative_difference,cumulative_difference,missing_immediate_predecessor_or_basis_change,NOT_ASSIGNED_ACCOUNTING_STAGE,True
00104120,광진실업,026910,K,2015,Q3,20151113001092,20151113,ok,EARLIEST_PERIODIC_RECEIPT_XBRL,OFS,2015-09-30,True,-171341840.0,-375474216.0,-135003692.0,-285198611.0,27995794964.0,3124438306.0,974772113.0,2464414673.0,278405156.0,,,,,cumulative_difference,cumulative_difference,cumulative_difference,cumulative_difference,missing_immediate_predecessor_or_basis_change,NOT_ASSIGNED_ACCOUNTING_STAGE,True
00104120,광진실업,026910,K,2015,Q4,20160330004535,20160330,ok,EARLIEST_PERIODIC_RECEIPT_XBRL,OFS,2015-12-31,True,-231164699.0,-59822859.0,-125413952.0,9589740.0,28634141767.0,3577916177.0,453477871.0,3696153250.0,1231738577.0,0.0,,,,cumulative_difference,cumulative_difference,cumulative_difference,cumulative_difference,missing_immediate_predecessor_or_basis_change,NOT_ASSIGNED_ACCOUNTING_STAGE,True
00104388,국도화학,007690,Y,2015,Q1,20150514002702,20150514,ok,EARLIEST_PERIODIC_RECEIPT_XBRL,CFS,2015-03-31,True,17390306159.0,17390306159.0,12234718307.0,12234718307.0,385386493389.0,26582105501.0,26582105501.0,,,,,,,direct_q1,direct_q1,direct_q1,missing,missing,NOT_ASSIGNED_ACCOUNTING_STAGE,True
00104388,국도화학,007690,Y,2015,Q2,20150812000205,20150812,ok,EARLIEST_PERIODIC_RECEIPT_XBRL,CFS,2015-06-30,True,40598070753.0,23207764594.0,29108462649.0,16873744342.0,403643419650.0,26493112878.0,-88992623.0,,,,,,,cumulative_difference,cumulative_difference,cumulative_difference,missing_immediate_predecessor_or_basis_change,missing_immediate_predecessor_or_basis_change,NOT_ASSIGNED_ACCOUNTING_STAGE,True
00104388,국도화학,007690,Y,2015,Q3,20151112000368,20151112,ok,EARLIEST_PERIODIC_RECEIPT_XBRL,CFS,2015-09-30,True,62184323358.0,21586252605.0,44224519221.0,15116056572.0,421499494487.0,38594498983.0,12101386105.0,,,,,,,cumulative_difference,cumulative_difference,cumulative_difference,missing_immediate_predecessor_or_basis_change,missing_immediate_predecessor_or_basis_change,NOT_ASSIGNED_ACCOUNTING_STAGE,True
00104388,국도화학,007690,Y,2015,Q4,20160329000310,20160329,ok,EARLIEST_PERIODIC_RECEIPT_XBRL,CFS,2015-12-31,True,77969150965.0,15784827607.0,56315040439.0,12090521218.0,430715016387.0,67352563174.0,28758064191.0,,,,,,,cumulative_difference,cumulative_difference,cumulative_difference,missing_immediate_predecessor_or_basis_change,missing_immediate_predecessor_or_basis_change,NOT_ASSIGNED_ACCOUNTING_STAGE,True
00104537,국영지앤엠,006050,K,2015,Q1,20150515002069,20150515,ok,EARLIEST_PERIODIC_RECEIPT_XBRL,OFS,2015-03-31,True,-281253425.0,-281253425.0,-19016918.0,-19016918.0,47087447156.0,-1029732114.0,-1029732114.0,356397874.0,356397874.0,,,,,direct_q1,direct_q1,direct_q1,direct_q1,missing,NOT_ASSIGNED_ACCOUNTING_STAGE,True
00104537,국영지앤엠,006050,K,2015,Q2,20150817000914,20150817,ok,EARLIEST_PERIODIC_RECEIPT_XBRL,OFS,2015-06-30,True,-757429025.0,-476175600.0,-510209449.0,-491192531.0,47696254417.0,273198401.0,1302930515.0,410412184.0,54014310.0,1146200.0,,,,cumulative_difference,cumulative_difference,cumulative_difference,cumulative_difference,missing_immediate_predecessor_or_basis_change,NOT_ASSIGNED_ACCOUNTING_STAGE,True
00104537,국영지앤엠,006050,K,2015,Q3,20151116001214,20151116,ok,EARLIEST_PERIODIC_RECEIPT_XBRL,OFS,2015-09-30,True,-1234768083.0,-477339058.0,-859669844.0,-349460395.0,47346794022.0,509785625.0,236587224.0,487996990.0,77584806.0,1316600.0,170400.0,77755206.0,158832018.0,cumulative_difference,cumulative_difference,cumulative_difference,cumulative_difference,cumulative_difference,NOT_ASSIGNED_ACCOUNTING_STAGE,True
00104537,국영지앤엠,006050,K,2015,Q4,20160330004501,20160330,ok,EARLIEST_PERIODIC_RECEIPT_XBRL,OFS,2015-12-31,True,-1039280310.0,195487773.0,-533926498.0,325743346.0,48972537368.0,647454705.0,137669080.0,575197790.0,87200800.0,125958600.0,124642000.0,211842800.0,-74173720.0,cumulative_difference,cumulative_difference,cumulative_difference,cumulative_difference,cumulative_difference,NOT_ASSIGNED_ACCOUNTING_STAGE,True
00104573,국일제지,078130,K,2015,Q1,20150515002096,20150515,ok,EARLIEST_PERIODIC_RECEIPT_XBRL,CFS,2015-03-31,True,-527044540.0,-527044540.0,-1200475173.0,-1200475173.0,38178639864.0,-4691870448.0,-4691870448.0,,,,,,,direct_q1,direct_q1,direct_q1,missing,missing,NOT_ASSIGNED_ACCOUNTING_STAGE,True
00104573,국일제지,078130,K,2015,Q2,20150813001231,20150813,ok,EARLIEST_PERIODIC_RECEIPT_XBRL,CFS,2015-06-30,True,-704644049.0,-177599509.0,-3119364307.0,-1918889134.0,39343016378.0,-3479090618.0,1212779830.0,,,,,,,cumulative_difference,cumulative_difference,cumulative_difference,missing_immediate_predecessor_or_basis_change,missing_immediate_predecessor_or_basis_change,NOT_ASSIGNED_ACCOUNTING_STAGE,True
00104573,국일제지,078130,K,2015,Q3,20151116001333,20151116,ok,EARLIEST_PERIODIC_RECEIPT_XBRL,OFS,2015-09-30,False,734299167.0,,17499752521.0,,53148501302.0,-5885828312.0,,,,,,,,missing_immediate_predecessor_or_basis_change,missing_immediate_predecessor_or_basis_change,missing_immediate_predecessor_or_basis_change,missing_immediate_predecessor_or_basis_change,missing_immediate_predecessor_or_basis_change,NOT_ASSIGNED_ACCOUNTING_STAGE,True
00104573,국일제지,078130,K,2015,Q4,20160330002908,20160330,ok,EARLIEST_PERIODIC_RECEIPT_XBRL,OFS,2015-12-31,True,894652969.0,160353802.0,14592968991.0,-2906783530.0,50220697963.0,-10424168203.0,-4538339891.0,,,,,,,cumulative_difference,cumulative_difference,cumulative_difference,missing_immediate_predecessor_or_basis_change,missing_immediate_predecessor_or_basis_change,NOT_ASSIGNED_ACCOUNTING_STAGE,True
00104698,LS네트웍스,000680,Y,2015,Q1,20150515000588,20150515,ok,EARLIEST_PERIODIC_RECEIPT_XBRL,CFS,2015-03-31,True,1165019243.0,1165019243.0,6038000745.0,6038000745.0,772666804602.0,-41366234602.0,-41366234602.0,5901495192.0,5901495192.0,9893670.0,9893670.0,5911388862.0,-47277623464.0,direct_q1,direct_q1,direct_q1,direct_q1,direct_q1,NOT_ASSIGNED_ACCOUNTING_STAGE,True
00104698,LS네트웍스,000680,Y,2015,Q2,20150813001497,20150813,ok,EARLIEST_PERIODIC_RECEIPT_XBRL,CFS,2015-06-30,True,-1559459550.0,-2724478793.0,16312071853.0,10274071108.0,782091715430.0,-20840543551.0,20525691051.0,7135411843.0,1233916651.0,12177910.0,2284240.0,1236200891.0,19289490160.0,cumulative_difference,cumulative_difference,cumulative_difference,cumulative_difference,cumulative_difference,NOT_ASSIGNED_ACCOUNTING_STAGE,True
00104698,LS네트웍스,000680,Y,2015,Q3,20151113001113,20151113,ok,EARLIEST_PERIODIC_RECEIPT_XBRL,CFS,2015-09-30,True,-22048313222.0,-20488853672.0,-11298973803.0,-27611045656.0,754376499513.0,-25720806663.0,-4880263112.0,11095411272.0,3959999429.0,173907910.0,161730000.0,4121729429.0,-9001992541.0,cumulative_difference,cumulative_difference,cumulative_difference,cumulative_difference,cumulative_difference,NOT_ASSIGNED_ACCOUNTING_STAGE,True
00104698,LS네트웍스,000680,Y,2015,Q4,20160330003368,20160330,ok,EARLIEST_PERIODIC_RECEIPT_XBRL,CFS,2015-12-31,True,-68390163206.0,-46341849984.0,-75757415518.0,-64458441715.0,689885573698.0,10876463280.0,36597269943.0,13042530347.0,1947119075.0,850283310.0,676375400.0,2623494475.0,33973775468.0,cumulative_difference,cumulative_difference,cumulative_difference,cumulative_difference,cumulative_difference,NOT_ASSIGNED_ACCOUNTING_STAGE,True
00104722,국제약품,002720,Y,2015,Q1,20150514001155,20150514,ok,EARLIEST_PERIODIC_RECEIPT_XBRL,CFS,2015-03-31,True,1109267964.0,1109267964.0,631360895.0,631360895.0,51411274082.0,-4331477465.0,-4331477465.0,54777820.0,54777820.0,702000.0,702000.0,55479820.0,-4386957285.0,direct_q1,direct_q1,direct_q1,direct_q1,direct_q1,NOT_ASSIGNED_ACCOUNTING_STAGE,True
00104722,국제약품,002720,Y,2015,Q2,20150813000550,20150813,ok,EARLIEST_PERIODIC_RECEIPT_XBRL,CFS,2015-06-30,True,2427606827.0,1318338863.0,1891161918.0,1259801023.0,74986887881.0,-5813482916.0,-1482005451.0,310624444.0,255846624.0,702000.0,0.0,255846624.0,-1737852075.0,cumulative_difference,cumulative_difference,cumulative_difference,cumulative_difference,cumulative_difference,NOT_ASSIGNED_ACCOUNTING_STAGE,True
00104722,국제약품,002720,Y,2015,Q3,20151113000945,20151113,ok,EARLIEST_PERIODIC_RECEIPT_XBRL,CFS,2015-09-30,True,1961414445.0,-466192382.0,1201608955.0,-689552963.0,75804069516.0,437854313.0,6251337229.0,750275055.0,439650611.0,702000.0,0.0,439650611.0,5811686618.0,cumulative_difference,cumulative_difference,cumulative_difference,cumulative_difference,cumulative_difference,NOT_ASSIGNED_ACCOUNTING_STAGE,True
00104722,국제약품,002720,Y,2015,Q4,20160330001531,20160330,ok,EARLIEST_PERIODIC_RECEIPT_XBRL,CFS,2015-12-31,True,2097892309.0,136477864.0,-5884458866.0,-7086067821.0,68458878528.0,-5080183750.0,-5518038063.0,1181892017.0,431616962.0,702000.0,0.0,431616962.0,-5949655025.0,cumulative_difference,cumulative_difference,cumulative_difference,cumulative_difference,cumulative_difference,NOT_ASSIGNED_ACCOUNTING_STAGE,True
00104768,가온전선,000500,Y,2015,Q1,20150515002702,20150515,ok,EARLIEST_PERIODIC_RECEIPT_XBRL,CFS,2015-03-31,True,,,307128004.0,307128004.0,262076728966.0,-20096533182.0,-20096533182.0,,,,,,,missing,direct_q1,direct_q1,missing,missing,NOT_ASSIGNED_ACCOUNTING_STAGE,True
00104768,가온전선,000500,Y,2015,Q2,20150817000787,20150817,ok,EARLIEST_PERIODIC_RECEIPT_XBRL,CFS,2015-06-30,True,,,852764586.0,545636582.0,262588146615.0,-8483730025.0,11612803157.0,,,,,,,missing_immediate_predecessor_or_basis_change,cumulative_difference,cumulative_difference,missing_immediate_predecessor_or_basis_change,missing_immediate_predecessor_or_basis_change,NOT_ASSIGNED_ACCOUNTING_STAGE,True
00104768,가온전선,000500,Y,2015,Q3,20151116000947,20151116,ok,EARLIEST_PERIODIC_RECEIPT_XBRL,CFS,2015-09-30,True,,,3473145883.0,2620381297.0,264700533708.0,10040163494.0,18523893519.0,,,,,,,missing_immediate_predecessor_or_basis_change,cumulative_difference,cumulative_difference,missing_immediate_predecessor_or_basis_change,missing_immediate_predecessor_or_basis_change,NOT_ASSIGNED_ACCOUNTING_STAGE,True
00104768,가온전선,000500,Y,2015,Q4,20160330003930,20160330,ok,EARLIEST_PERIODIC_RECEIPT_XBRL,CFS,2015-12-31,True,,,2135800210.0,-1337345673.0,262579889324.0,36446024167.0,26405860673.0,,,,,,,missing_immediate_predecessor_or_basis_change,cumulative_difference,cumulative_difference,missing_immediate_predecessor_or_basis_change,missing_immediate_predecessor_or_basis_change,NOT_ASSIGNED_ACCOUNTING_STAGE,True
00104786,미래아이앤지,007120,Y,2015,Q1,20150515002101,20150515,ok,EARLIEST_PERIODIC_RECEIPT_XBRL,CFS,2015-03-31,True,-217639446.0,-217639446.0,686923031.0,686923031.0,38567650530.0,-884178558.0,-884178558.0,,,,,,,direct_q1,direct_q1,direct_q1,missing,missing,NOT_ASSIGNED_ACCOUNTING_STAGE,True
00104786,미래아이앤지,007120,Y,2015,Q2,20150813000330,20150813,ok,EARLIEST_PERIODIC_RECEIPT_XBRL,CFS,2015-06-30,True,-535017954.0,-317378508.0,1414957003.0,728033972.0,39234265856.0,-424275032.0,459903526.0,,,,,,,cumulative_difference,cumulative_difference,cumulative_difference,missing_immediate_predecessor_or_basis_change,missing_immediate_predecessor_or_basis_change,NOT_ASSIGNED_ACCOUNTING_STAGE,True
00104786,미래아이앤지,007120,Y,2015,Q3,20151113000974,20151113,ok,EARLIEST_PERIODIC_RECEIPT_XBRL,CFS,2015-09-30,True,-1141971129.0,-606953175.0,1056216869.0,-358740134.0,39875523122.0,-265263449.0,159011583.0,,,,,,,cumulative_difference,cumulative_difference,cumulative_difference,missing_immediate_predecessor_or_basis_change,missing_immediate_predecessor_or_basis_change,NOT_ASSIGNED_ACCOUNTING_STAGE,True
00104786,미래아이앤지,007120,Y,2015,Q4,20160330002451,20160330,ok,EARLIEST_PERIODIC_RECEIPT_XBRL,CFS,2015-12-31,True,-1461588646.0,-319617517.0,1178478335.0,122261466.0,44999006495.0,179548075.0,444811524.0,,,,,,,cumulative_difference,cumulative_difference,cumulative_difference,missing_immediate_predecessor_or_basis_change,missing_immediate_predecessor_or_basis_change,NOT_ASSIGNED_ACCOUNTING_STAGE,True
00104810,소노스퀘어,007720,K,2015,Q1,20150515002490,20150515,ok,EARLIEST_PERIODIC_RECEIPT_XBRL,CFS,2015-03-31,True,-2428434888.0,-2428434888.0,-2013612867.0,-2013612867.0,86968594897.0,-8137454438.0,-8137454438.0,,,,,,,direct_q1,direct_q1,direct_q1,missing,missing,NOT_ASSIGNED_ACCOUNTING_STAGE,True
00104810,소노스퀘어,007720,K,2015,Q2,20150817001603,20150817,ok,EARLIEST_PERIODIC_RECEIPT_XBRL,CFS,2015-06-30,True,-3399916211.0,-971481323.0,-2989070672.0,-975457805.0,85803275530.0,-4385385622.0,3752068816.0,,,,,,,cumulative_difference,cumulative_difference,cumulative_difference,missing_immediate_predecessor_or_basis_change,missing_immediate_predecessor_or_basis_change,NOT_ASSIGNED_ACCOUNTING_STAGE,True
00104810,소노스퀘어,007720,K,2015,Q3,20151113001146,20151113,ok,EARLIEST_PERIODIC_RECEIPT_XBRL,CFS,2015-09-30,True,-3810646954.0,-410730743.0,-5322850879.0,-2333780207.0,83643642603.0,-5463781709.0,-1078396087.0,,,,,,,cumulative_difference,cumulative_difference,cumulative_difference,missing_immediate_predecessor_or_basis_change,missing_immediate_predecessor_or_basis_change,NOT_ASSIGNED_ACCOUNTING_STAGE,True
00104810,소노스퀘어,007720,K,2015,Q4,20160330002349,20160330,ok,EARLIEST_PERIODIC_RECEIPT_XBRL,CFS,2015-12-31,True,-4603827884.0,-793180930.0,-5231989522.0,90861357.0,83598573979.0,-4225882821.0,1237898888.0,,,,,,,cumulative_difference,cumulative_difference,cumulative_difference,missing_immediate_predecessor_or_basis_change,missing_immediate_predecessor_or_basis_change,NOT_ASSIGNED_ACCOUNTING_STAGE,True
00104856,삼성증권,016360,Y,2015,Q1,20150515001829,20150515,no_xbrl_zip,EARLIEST_PERIODIC_RECEIPT_XBRL,,,True,,,,,,,,,,,,,,missing,missing,missing,missing,missing,NOT_ASSIGNED_ACCOUNTING_STAGE,True
00104856,삼성증권,016360,Y,2015,Q2,20150817000732,20150817,no_xbrl_zip,EARLIEST_PERIODIC_RECEIPT_XBRL,,,False,,,,,,,,,,,,,,missing_immediate_predecessor_or_basis_change,missing_immediate_predecessor_or_basis_change,missing_immediate_predecessor_or_basis_change,missing_immediate_predecessor_or_basis_change,missing_immediate_predecessor_or_basis_change,NOT_ASSIGNED_ACCOUNTING_STAGE,True
00104856,삼성증권,016360,Y,2015,Q3,20151116000832,20151116,no_xbrl_zip,EARLIEST_PERIODIC_RECEIPT_XBRL,,,False,,,,,,,,,,,,,,missing_immediate_predecessor_or_basis_change,missing_immediate_predecessor_or_basis_change,missing_immediate_predecessor_or_basis_change,missing_immediate_predecessor_or_basis_change,missing_immediate_predecessor_or_basis_change,NOT_ASSIGNED_ACCOUNTING_STAGE,True
00104856,삼성증권,016360,Y,2015,Q4,20160330003747,20160330,no_xbrl_zip,EARLIEST_PERIODIC_RECEIPT_XBRL,,,False,,,,,,,,,,,,,,missing_immediate_predecessor_or_basis_change,missing_immediate_predecessor_or_basis_change,missing_immediate_predecessor_or_basis_change,missing_immediate_predecessor_or_basis_change,missing_immediate_predecessor_or_basis_change,NOT_ASSIGNED_ACCOUNTING_STAGE,True
00104999,윌비스,008600,Y,2015,Q1,20150515001518,20150515,ok,EARLIEST_PERIODIC_RECEIPT_XBRL,CFS,2015-03-31,True,3479204849.0,3479204849.0,1506313008.0,1506313008.0,127897966911.0,-3322402407.0,-3322402407.0,,,,,,,direct_q1,direct_q1,direct_q1,missing,missing,NOT_ASSIGNED_ACCOUNTING_STAGE,True
00104999,윌비스,008600,Y,2015,Q2,20150817000168,20150817,ok,EARLIEST_PERIODIC_RECEIPT_XBRL,CFS,2015-06-30,True,5631616965.0,2152412116.0,2123844076.0,617531068.0,130085663549.0,-5795217069.0,-2472814662.0,,,,,,,cumulative_difference,cumulative_difference,cumulative_difference,missing_immediate_predecessor_or_basis_change,missing_immediate_predecessor_or_basis_change,NOT_ASSIGNED_ACCOUNTING_STAGE,True
00104999,윌비스,008600,Y,2015,Q3,20151116000463,20151116,ok,EARLIEST_PERIODIC_RECEIPT_XBRL,CFS,2015-09-30,True,7725322884.0,2093705919.0,3051235433.0,927391357.0,134952483099.0,-4328754045.0,1466463024.0,,,,,,,cumulative_difference,cumulative_difference,cumulative_difference,missing_immediate_predecessor_or_basis_change,missing_immediate_predecessor_or_basis_change,NOT_ASSIGNED_ACCOUNTING_STAGE,True
00104999,윌비스,008600,Y,2015,Q4,20160330001969,20160330,ok,EARLIEST_PERIODIC_RECEIPT_XBRL,CFS,2015-12-31,True,9829471472.0,2104148588.0,4191830037.0,1140594604.0,134209664758.0,1732507184.0,6061261229.0,,,,,,,cumulative_difference,cumulative_difference,cumulative_difference,missing_immediate_predecessor_or_basis_change,missing_immediate_predecessor_or_basis_change,NOT_ASSIGNED_ACCOUNTING_STAGE,True
00105040,뉴인텍,012340,K,2015,Q1,20150512000213,20150512,ok,EARLIEST_PERIODIC_RECEIPT_XBRL,CFS,2015-03-31,True,310701895.0,310701895.0,-12459159.0,-12459159.0,18680366627.0,,,,,,,,,direct_q1,direct_q1,missing,missing,missing,NOT_ASSIGNED_ACCOUNTING_STAGE,True
00105040,뉴인텍,012340,K,2015,Q2,20150812000186,20150812,ok,EARLIEST_PERIODIC_RECEIPT_XBRL,CFS,2015-06-30,True,333460092.0,22758197.0,-208151888.0,-195692729.0,18670770393.0,,,,,,,,,cumulative_difference,cumulative_difference,missing_immediate_predecessor_or_basis_change,missing_immediate_predecessor_or_basis_change,missing_immediate_predecessor_or_basis_change,NOT_ASSIGNED_ACCOUNTING_STAGE,True
00105040,뉴인텍,012340,K,2015,Q3,20151113000570,20151113,ok,EARLIEST_PERIODIC_RECEIPT_XBRL,CFS,2015-09-30,True,-554164675.0,-887624767.0,-1126467246.0,-918315358.0,18122193850.0,,,,,,,,,cumulative_difference,cumulative_difference,missing_immediate_predecessor_or_basis_change,missing_immediate_predecessor_or_basis_change,missing_immediate_predecessor_or_basis_change,NOT_ASSIGNED_ACCOUNTING_STAGE,True
00105040,뉴인텍,012340,K,2015,Q4,20160330001771,20160330,ok,EARLIEST_PERIODIC_RECEIPT_XBRL,CFS,2015-12-31,True,-804023712.0,-249859037.0,-1656483257.0,-530016011.0,17223264684.0,,,,,,,,,cumulative_difference,cumulative_difference,missing_immediate_predecessor_or_basis_change,missing_immediate_predecessor_or_basis_change,missing_immediate_predecessor_or_basis_change,NOT_ASSIGNED_ACCOUNTING_STAGE,True
00105101,INVENI,015360,Y,2015,Q1,20150515001911,20150515,ok,EARLIEST_PERIODIC_RECEIPT_XBRL,CFS,2015-03-31,True,9199826732.0,9199826732.0,8701288549.0,8701288549.0,636635615822.0,68942456257.0,68942456257.0,9798341753.0,9798341753.0,214452000.0,214452000.0,10012793753.0,58929662504.0,direct_q1,direct_q1,direct_q1,direct_q1,direct_q1,NOT_ASSIGNED_ACCOUNTING_STAGE,True
00105101,INVENI,015360,Y,2015,Q2,20150817001041,20150817,ok,EARLIEST_PERIODIC_RECEIPT_XBRL,CFS,2015-06-30,True,10626030204.0,1426203472.0,12764172987.0,4062884438.0,640019430172.0,-17777524297.0,-86719980554.0,16161007919.0,6362666166.0,217082000.0,2630000.0,6365296166.0,-93085276720.0,cumulative_difference,cumulative_difference,cumulative_difference,cumulative_difference,cumulative_difference,NOT_ASSIGNED_ACCOUNTING_STAGE,True
00105101,INVENI,015360,Y,2015,Q3,20151116001738,20151116,ok,EARLIEST_PERIODIC_RECEIPT_XBRL,CFS,2015-09-30,True,7707794094.0,-2918236110.0,12521924469.0,-242248518.0,639729310764.0,-17299265863.0,478258434.0,55967955772.0,39806947853.0,217082000.0,0.0,39806947853.0,-39328689419.0,cumulative_difference,cumulative_difference,cumulative_difference,cumulative_difference,cumulative_difference,NOT_ASSIGNED_ACCOUNTING_STAGE,True
00105101,INVENI,015360,Y,2015,Q4,20160330004213,20160330,ok,EARLIEST_PERIODIC_RECEIPT_XBRL,CFS,2015-12-31,True,17378610059.0,9670815965.0,19434108909.0,6912184440.0,647346844271.0,54594295278.0,71893561141.0,69183745738.0,13215789966.0,220111956.0,3029956.0,13218819922.0,58674741219.0,cumulative_difference,cumulative_difference,cumulative_difference,cumulative_difference,cumulative_difference,NOT_ASSIGNED_ACCOUNTING_STAGE,True
00105138,파라텍,033540,K,2015,Q1,20150515001220,20150515,ok,EARLIEST_PERIODIC_RECEIPT_XBRL,CFS,2015-03-31,True,,,3730118554.0,3730118554.0,68510249690.0,-3927626571.0,-3927626571.0,67915200.0,67915200.0,0.0,0.0,67915200.0,-3995541771.0,missing,direct_q1,direct_q1,direct_q1,direct_q1,NOT_ASSIGNED_ACCOUNTING_STAGE,True
00105138,파라텍,033540,K,2015,Q2,20150817000529,20150817,ok,EARLIEST_PERIODIC_RECEIPT_XBRL,CFS,2015-06-30,True,3494430058.0,,2844239141.0,-885879413.0,71086090270.0,632631786.0,4560258357.0,149629889.0,81714689.0,427471798.0,427471798.0,509186487.0,4051071870.0,missing_immediate_predecessor_or_basis_change,cumulative_difference,cumulative_difference,cumulative_difference,cumulative_difference,NOT_ASSIGNED_ACCOUNTING_STAGE,True
00105138,파라텍,033540,K,2015,Q3,20151116000373,20151116,ok,EARLIEST_PERIODIC_RECEIPT_XBRL,CFS,2015-09-30,True,5319612776.0,1825182718.0,4041155603.0,1196916462.0,72107017528.0,-181871277.0,-814503063.0,239880580.0,90250691.0,437571798.0,10100000.0,100350691.0,-914853754.0,cumulative_difference,cumulative_difference,cumulative_difference,cumulative_difference,cumulative_difference,NOT_ASSIGNED_ACCOUNTING_STAGE,True
00105138,파라텍,033540,K,2015,Q4,20160330002616,20160330,ok,EARLIEST_PERIODIC_RECEIPT_XBRL,CFS,2015-12-31,True,4559019168.0,-760593608.0,2784346652.0,-1256808951.0,72715319586.0,4790591574.0,4972462851.0,355180580.0,115300000.0,443009388.0,5437590.0,120737590.0,4851725261.0,cumulative_difference,cumulative_difference,cumulative_difference,cumulative_difference,cumulative_difference,NOT_ASSIGNED_ACCOUNTING_STAGE,True
00105156,극동유화,014530,Y,2015,Q1,20150529000165,20150529,ok,EARLIEST_PERIODIC_RECEIPT_XBRL,CFS,2015-03-31,True,3341168402.0,3341168402.0,2527224695.0,2527224695.0,119746030421.0,4390640349.0,4390640349.0,40098856.0,40098856.0,,,,,direct_q1,direct_q1,direct_q1,direct_q1,missing,NOT_ASSIGNED_ACCOUNTING_STAGE,True
00105156,극동유화,014530,Y,2015,Q2,20150828000283,20150828,ok,EARLIEST_PERIODIC_RECEIPT_XBRL,CFS,2015-06-30,True,9875784519.0,6534616117.0,8070487198.0,5543262503.0,125331221359.0,9325782170.0,4935141821.0,355975346.0,315876490.0,5200000.0,,,,cumulative_difference,cumulative_difference,cumulative_difference,cumulative_difference,missing_immediate_predecessor_or_basis_change,NOT_ASSIGNED_ACCOUNTING_STAGE,True
00105156,극동유화,014530,Y,2015,Q3,20151127000308,20151127,ok,EARLIEST_PERIODIC_RECEIPT_XBRL,CFS,2015-09-30,True,15187416370.0,5311631851.0,12457995800.0,4387508602.0,129579460676.0,19515128657.0,10189346487.0,1426659306.0,1070683960.0,5200000.0,0.0,1070683960.0,9118662527.0,cumulative_difference,cumulative_difference,cumulative_difference,cumulative_difference,cumulative_difference,NOT_ASSIGNED_ACCOUNTING_STAGE,True
00105156,극동유화,014530,Y,2015,Q4,20160330001102,20160330,ok,EARLIEST_PERIODIC_RECEIPT_XBRL,CFS,2015-12-31,True,18086045941.0,2898629571.0,14487630181.0,2029634381.0,130516204612.0,17524455407.0,-1990673250.0,1785888961.0,359229655.0,19423000.0,14223000.0,373452655.0,-2364125905.0,cumulative_difference,cumulative_difference,cumulative_difference,cumulative_difference,cumulative_difference,NOT_ASSIGNED_ACCOUNTING_STAGE,True
00105271,케이씨씨,002380,Y,2015,Q1,20150515002851,20150515,ok,EARLIEST_PERIODIC_RECEIPT_XBRL,CFS,2015-03-31,True,67688548657.0,67688548657.0,,,6159445681701.0,,,,,,,,,direct_q1,missing,missing,missing,missing,NOT_ASSIGNED_ACCOUNTING_STAGE,True
00105271,케이씨씨,002380,Y,2015,Q2,20150813001363,20150813,ok,EARLIEST_PERIODIC_RECEIPT_XBRL,CFS,2015-06-30,True,150241076989.0,82552528332.0,,,6426502716796.0,,,,,,,,,cumulative_difference,missing_immediate_predecessor_or_basis_change,missing_immediate_predecessor_or_basis_change,missing_immediate_predecessor_or_basis_change,missing_immediate_predecessor_or_basis_change,NOT_ASSIGNED_ACCOUNTING_STAGE,True
00105271,케이씨씨,002380,Y,2015,Q3,20151116001158,20151116,ok,EARLIEST_PERIODIC_RECEIPT_XBRL,CFS,2015-09-30,True,249921910517.0,99680833528.0,,,6029869884397.0,,,,,,,,,cumulative_difference,missing_immediate_predecessor_or_basis_change,missing_immediate_predecessor_or_basis_change,missing_immediate_predecessor_or_basis_change,missing_immediate_predecessor_or_basis_change,NOT_ASSIGNED_ACCOUNTING_STAGE,True
00105271,케이씨씨,002380,Y,2015,Q4,20160330003845,20160330,ok,EARLIEST_PERIODIC_RECEIPT_XBRL,CFS,2015-12-31,True,309210485562.0,59288575045.0,,,5868653487521.0,,,,,,,,,cumulative_difference,missing_immediate_predecessor_or_basis_change,missing_immediate_predecessor_or_basis_change,missing_immediate_predecessor_or_basis_change,missing_immediate_predecessor_or_basis_change,NOT_ASSIGNED_ACCOUNTING_STAGE,True
00105280,현대지에프홀딩스,005440,Y,2015,Q1,20150515002309,20150515,ok,EARLIEST_PERIODIC_RECEIPT_XBRL,CFS,2015-03-31,True,23115795000.0,23115795000.0,29514943000.0,29514943000.0,1465198066000.0,13509507000.0,13509507000.0,8062973000.0,8062973000.0,12938000.0,12938000.0,8075911000.0,5433596000.0,direct_q1,direct_q1,direct_q1,direct_q1,direct_q1,NOT_ASSIGNED_ACCOUNTING_STAGE,True
00105280,현대지에프홀딩스,005440,Y,2015,Q2,20150817001116,20150817,ok,EARLIEST_PERIODIC_RECEIPT_XBRL,CFS,2015-06-30,True,48015122000.0,24899327000.0,55930380000.0,26415437000.0,1462122378000.0,21297409000.0,7787902000.0,18328379000.0,10265406000.0,16064000.0,3126000.0,10268532000.0,-2480630000.0,cumulative_difference,cumulative_difference,cumulative_difference,cumulative_difference,cumulative_difference,NOT_ASSIGNED_ACCOUNTING_STAGE,True
00105280,현대지에프홀딩스,005440,Y,2015,Q3,20151116001058,20151116,ok,EARLIEST_PERIODIC_RECEIPT_XBRL,CFS,2015-09-30,True,71287789000.0,23272667000.0,81816271000.0,25885891000.0,1479655525000.0,26842871000.0,5545462000.0,23355762000.0,5027383000.0,2769286000.0,2753222000.0,7780605000.0,-2235143000.0,cumulative_difference,cumulative_difference,cumulative_difference,cumulative_difference,cumulative_difference,NOT_ASSIGNED_ACCOUNTING_STAGE,True
00105280,현대지에프홀딩스,005440,Y,2015,Q4,20160330002592,20160330,ok,EARLIEST_PERIODIC_RECEIPT_XBRL,CFS,2015-12-31,True,87910892000.0,16623103000.0,91455151000.0,9638880000.0,1467874810000.0,53950568000.0,27107697000.0,28975051000.0,5619289000.0,2920197000.0,150911000.0,5770200000.0,21337497000.0,cumulative_difference,cumulative_difference,cumulative_difference,cumulative_difference,cumulative_difference,NOT_ASSIGNED_ACCOUNTING_STAGE,True
00105299,금강공업,014280,Y,2015,Q1,20150515000656,20150515,ok,EARLIEST_PERIODIC_RECEIPT_XBRL,CFS,2015-03-31,True,12278577047.0,12278577047.0,5662968068.0,5662968068.0,275700626743.0,33248530697.0,33248530697.0,23840175637.0,23840175637.0,1383000000.0,1383000000.0,25223175637.0,8025355060.0,direct_q1,direct_q1,direct_q1,direct_q1,direct_q1,NOT_ASSIGNED_ACCOUNTING_STAGE,True
00105299,금강공업,014280,Y,2015,Q2,20150817000487,20150817,ok,EARLIEST_PERIODIC_RECEIPT_XBRL,CFS,2015-06-30,True,18039788259.0,5761211212.0,8173160626.0,2510192558.0,277654507487.0,56544647487.0,23296116790.0,52799241172.0,28959065535.0,1553482000.0,170482000.0,29129547535.0,-5833430745.0,cumulative_difference,cumulative_difference,cumulative_difference,cumulative_difference,cumulative_difference,NOT_ASSIGNED_ACCOUNTING_STAGE,True
00105299,금강공업,014280,Y,2015,Q3,20151116001005,20151116,ok,EARLIEST_PERIODIC_RECEIPT_XBRL,CFS,2015-09-30,True,26007862810.0,7968074551.0,9264963369.0,1091802743.0,278152583417.0,10883784296.0,-45660863191.0,28208221786.0,,1553482000.0,0.0,,,cumulative_difference,cumulative_difference,cumulative_difference,negative_normalized_capex_delta_missing,cumulative_difference,NOT_ASSIGNED_ACCOUNTING_STAGE,True
00105299,금강공업,014280,Y,2015,Q4,20160330001190,20160330,ok,EARLIEST_PERIODIC_RECEIPT_XBRL,CFS,2015-12-31,True,32236750581.0,6228887771.0,7634879631.0,-1630083738.0,269957869492.0,18783689569.0,7899905273.0,31471344513.0,3263122727.0,1553482000.0,0.0,3263122727.0,4636782546.0,cumulative_difference,cumulative_difference,cumulative_difference,cumulative_difference,cumulative_difference,NOT_ASSIGNED_ACCOUNTING_STAGE,True
00105466,KCC건설,021320,K,2015,Q1,20150515002457,20150515,ok,EARLIEST_PERIODIC_RECEIPT_XBRL,CFS,2015-03-31,True,831607602.0,831607602.0,1421967977.0,1421967977.0,385202699914.0,47096985729.0,47096985729.0,,,1555360.0,1555360.0,,,direct_q1,direct_q1,direct_q1,missing,direct_q1,NOT_ASSIGNED_ACCOUNTING_STAGE,True
00105466,KCC건설,021320,K,2015,Q2,20150817001490,20150817,ok,EARLIEST_PERIODIC_RECEIPT_XBRL,CFS,2015-06-30,True,-420796623.0,-1252404225.0,1507682311.0,85714334.0,384507894432.0,138962085224.0,91865099495.0,,,1555360.0,0.0,,,cumulative_difference,cumulative_difference,cumulative_difference,missing_immediate_predecessor_or_basis_change,cumulative_difference,NOT_ASSIGNED_ACCOUNTING_STAGE,True
00105466,KCC건설,021320,K,2015,Q3,20151116001484,20151116,ok,EARLIEST_PERIODIC_RECEIPT_XBRL,CFS,2015-09-30,True,-19266731071.0,-18845934448.0,2711670239.0,1203987928.0,379791619011.0,143421811590.0,4459726366.0,,,1944480.0,389120.0,,,cumulative_difference,cumulative_difference,cumulative_difference,missing_immediate_predecessor_or_basis_change,cumulative_difference,NOT_ASSIGNED_ACCOUNTING_STAGE,True
00105466,KCC건설,021320,K,2015,Q4,20160330004111,20160330,ok,EARLIEST_PERIODIC_RECEIPT_XBRL,CFS,2015-12-31,True,-93565730927.0,-74298999856.0,-85254746479.0,-87966416718.0,298860749931.0,29003813605.0,-114417997985.0,,,1944480.0,0.0,,,cumulative_difference,cumulative_difference,cumulative_difference,missing_immediate_predecessor_or_basis_change,cumulative_difference,NOT_ASSIGNED_ACCOUNTING_STAGE,True
00105475,금강철강,053260,K,2015,Q1,20150515000757,20150515,ok,EARLIEST_PERIODIC_RECEIPT_XBRL,CFS,2015-03-31,True,193732731.0,193732731.0,257980464.0,257980464.0,98453973592.0,-2167491434.0,-2167491434.0,5876637.0,5876637.0,0.0,0.0,5876637.0,-2173368071.0,direct_q1,direct_q1,direct_q1,direct_q1,direct_q1,NOT_ASSIGNED_ACCOUNTING_STAGE,True
00105475,금강철강,053260,K,2015,Q2,20150817001107,20150817,ok,EARLIEST_PERIODIC_RECEIPT_XBRL,CFS,2015-06-30,True,1299618014.0,1105885283.0,2755829332.0,2497848868.0,100843534720.0,-193954602.0,1973536832.0,5876637.0,0.0,0.0,0.0,0.0,1973536832.0,cumulative_difference,cumulative_difference,cumulative_difference,cumulative_difference,cumulative_difference,NOT_ASSIGNED_ACCOUNTING_STAGE,True
00105475,금강철강,053260,K,2015,Q3,20151116001451,20151116,ok,EARLIEST_PERIODIC_RECEIPT_XBRL,CFS,2015-09-30,True,2387097021.0,1087479007.0,5434572725.0,2678743393.0,103469107570.0,5793242210.0,5987196812.0,378523197.0,372646560.0,500000000.0,500000000.0,872646560.0,5114550252.0,cumulative_difference,cumulative_difference,cumulative_difference,cumulative_difference,cumulative_difference,NOT_ASSIGNED_ACCOUNTING_STAGE,True
00105475,금강철강,053260,K,2015,Q4,20160330003018,20160330,ok,EARLIEST_PERIODIC_RECEIPT_XBRL,CFS,2015-12-31,True,4254862934.0,1867765913.0,6772941509.0,1338368784.0,104704227075.0,5386660351.0,-406581859.0,378523197.0,0.0,501100000.0,1100000.0,1100000.0,-407681859.0,cumulative_difference,cumulative_difference,cumulative_difference,cumulative_difference,cumulative_difference,NOT_ASSIGNED_ACCOUNTING_STAGE,True
00105606,금호에이치티,214330,Y,2015,Q1,,,no_receipt,EARLIEST_PERIODIC_RECEIPT_XBRL,,,True,,,,,,,,,,,,,,missing,missing,missing,missing,missing,NOT_ASSIGNED_ACCOUNTING_STAGE,True
00105606,금호에이치티,214330,Y,2015,Q2,,,no_receipt,EARLIEST_PERIODIC_RECEIPT_XBRL,,,False,,,,,,,,,,,,,,missing_immediate_predecessor_or_basis_change,missing_immediate_predecessor_or_basis_change,missing_immediate_predecessor_or_basis_change,missing_immediate_predecessor_or_basis_change,missing_immediate_predecessor_or_basis_change,NOT_ASSIGNED_ACCOUNTING_STAGE,True
00105606,금호에이치티,214330,Y,2015,Q3,,,no_receipt,EARLIEST_PERIODIC_RECEIPT_XBRL,,,False,,,,,,,,,,,,,,missing_immediate_predecessor_or_basis_change,missing_immediate_predecessor_or_basis_change,missing_immediate_predecessor_or_basis_change,missing_immediate_predecessor_or_basis_change,missing_immediate_predecessor_or_basis_change,NOT_ASSIGNED_ACCOUNTING_STAGE,True
00105606,금호에이치티,214330,Y,2015,Q4,20160330003717,20160330,ok,EARLIEST_PERIODIC_RECEIPT_XBRL,CFS,2015-12-31,False,20339189052.0,,14971109138.0,,81388279522.0,9868864462.0,,12558314310.0,,24905044.0,,,,missing_immediate_predecessor_or_basis_change,missing_immediate_predecessor_or_basis_change,missing_immediate_predecessor_or_basis_change,missing_immediate_predecessor_or_basis_change,missing_immediate_predecessor_or_basis_change,NOT_ASSIGNED_ACCOUNTING_STAGE,True
00105855,엘에스일렉트릭,010120,Y,2015,Q1,20150515002081,20150515,ok,EARLIEST_PERIODIC_RECEIPT_XBRL,CFS,2015-03-31,True,17379059233.0,17379059233.0,5007629692.0,5007629692.0,960416999456.0,110321887011.0,110321887011.0,,,,,,,direct_q1,direct_q1,direct_q1,missing,missing,NOT_ASSIGNED_ACCOUNTING_STAGE,True
00105855,엘에스일렉트릭,010120,Y,2015,Q2,20150813001176,20150813,ok,EARLIEST_PERIODIC_RECEIPT_XBRL,CFS,2015-06-30,True,57150377541.0,39771318308.0,32518890607.0,27511260915.0,989444263704.0,138232537324.0,27910650313.0,,,,,,,cumulative_difference,cumulative_difference,cumulative_difference,missing_immediate_predecessor_or_basis_change,missing_immediate_predecessor_or_basis_change,NOT_ASSIGNED_ACCOUNTING_STAGE,True
00105855,엘에스일렉트릭,010120,Y,2015,Q3,20151116001202,20151116,ok,EARLIEST_PERIODIC_RECEIPT_XBRL,CFS,2015-09-30,True,110117810927.0,52967433386.0,47052449971.0,14533559364.0,1007985569066.0,89612528712.0,-48620008612.0,,,,,,,cumulative_difference,cumulative_difference,cumulative_difference,missing_immediate_predecessor_or_basis_change,missing_immediate_predecessor_or_basis_change,NOT_ASSIGNED_ACCOUNTING_STAGE,True
00105855,엘에스일렉트릭,010120,Y,2015,Q4,20160330004015,20160330,ok,EARLIEST_PERIODIC_RECEIPT_XBRL,CFS,2015-12-31,True,154402117229.0,44284306302.0,70553628426.0,23501178455.0,1014698691007.0,100300545523.0,10688016811.0,,,,,,,cumulative_difference,cumulative_difference,cumulative_difference,missing_immediate_predecessor_or_basis_change,missing_immediate_predecessor_or_basis_change,NOT_ASSIGNED_ACCOUNTING_STAGE,True
00105873,LG디스플레이,034220,Y,2015,Q1,20150515002305,20150515,ok,EARLIEST_PERIODIC_RECEIPT_XBRL,CFS,2015-03-31,True,743900000000.0,743900000000.0,475751000000.0,475751000000.0,12192582000000.0,783124000000.0,783124000000.0,437398000000.0,437398000000.0,82983000000.0,82983000000.0,520381000000.0,262743000000.0,direct_q1,direct_q1,direct_q1,direct_q1,direct_q1,NOT_ASSIGNED_ACCOUNTING_STAGE,True
00105873,LG디스플레이,034220,Y,2015,Q2,20150817001318,20150817,ok,EARLIEST_PERIODIC_RECEIPT_XBRL,CFS,2015-06-30,True,1232008000000.0,488108000000.0,838327000000.0,362576000000.0,12634016000000.0,1386712000000.0,603588000000.0,941209000000.0,503811000000.0,132207000000.0,49224000000.0,553035000000.0,50553000000.0,cumulative_difference,cumulative_difference,cumulative_difference,cumulative_difference,cumulative_difference,NOT_ASSIGNED_ACCOUNTING_STAGE,True
00105873,LG디스플레이,034220,Y,2015,Q3,20151116000594,20151116,ok,EARLIEST_PERIODIC_RECEIPT_XBRL,CFS,2015-09-30,True,1564946000000.0,332938000000.0,1036959000000.0,198632000000.0,13021518000000.0,1873457000000.0,486745000000.0,1653728000000.0,712519000000.0,207383000000.0,75176000000.0,787695000000.0,-300950000000.0,cumulative_difference,cumulative_difference,cumulative_difference,cumulative_difference,cumulative_difference,NOT_ASSIGNED_ACCOUNTING_STAGE,True
00105873,LG디스플레이,034220,Y,2015,Q4,20160330003916,20160330,ok,EARLIEST_PERIODIC_RECEIPT_XBRL,CFS,2015-12-31,True,1625566000000.0,60620000000.0,1023456000000.0,-13503000000.0,12704956000000.0,2726577000000.0,853120000000.0,2364988000000.0,711260000000.0,294638000000.0,87255000000.0,798515000000.0,54605000000.0,cumulative_difference,cumulative_difference,cumulative_difference,cumulative_difference,cumulative_difference,NOT_ASSIGNED_ACCOUNTING_STAGE,True
