corp_code,company_name,business_year,fiscal_quarter,statement_basis,operating_profit_q,prior_year_same_q_operating_profit,op_turnaround_yoy,net_income_ttm,ttm_exact_four_quarters,ttm_same_basis,equity_q_end,fcf_q,prior_year_same_q_fcf,fcf_yoy_improvement,base_a_accounting_only,signal_date_status,mcap_status,modern_oos_protected
00100258,주식회사 에스마크,2016,Q1,CFS,-3176470462.0,,False,,False,False,24285388306.0,-4639988195.0,,,False,NOT_CONFIRMED,NOT_AVAILABLE_KRX_PENDING,True
00100258,주식회사 에스마크,2016,Q2,CFS,-3926257233.0,,False,,False,False,29062431958.0,,,,False,NOT_CONFIRMED,NOT_AVAILABLE_KRX_PENDING,True
00100258,주식회사 에스마크,2016,Q3,CFS,-6158943470.0,,False,,False,False,39893902042.0,-3423461671.0,,,False,NOT_CONFIRMED,NOT_AVAILABLE_KRX_PENDING,True
00100258,주식회사 에스마크,2016,Q4,CFS,-2995341327.0,,False,-20911963294.0,True,True,47442925425.0,-12571496372.0,,,False,NOT_CONFIRMED,NOT_AVAILABLE_KRX_PENDING,True
00100601,(주)웰크론강원,2016,Q1,CFS,74820720.0,,False,,False,False,57157936530.0,,,,False,NOT_CONFIRMED,NOT_AVAILABLE_KRX_PENDING,True
00100601,(주)웰크론강원,2016,Q2,CFS,-7279454.0,,False,,False,False,55459091631.0,,,,False,NOT_CONFIRMED,NOT_AVAILABLE_KRX_PENDING,True
00100601,(주)웰크론강원,2016,Q3,CFS,-2201432677.0,,False,,False,False,53133437539.0,,,,False,NOT_CONFIRMED,NOT_AVAILABLE_KRX_PENDING,True
00100601,(주)웰크론강원,2016,Q4,CFS,822701396.0,,False,-1125370879.0,True,True,55088689748.0,,,,False,NOT_CONFIRMED,NOT_AVAILABLE_KRX_PENDING,True
00100717,(주)아이이,2016,Q1,CFS,-706294538.0,,False,,False,False,54654817500.0,,,,False,NOT_CONFIRMED,NOT_AVAILABLE_KRX_PENDING,True
00100717,(주)아이이,2016,Q2,CFS,-1083829408.0,,False,,False,False,54691931525.0,,,,False,NOT_CONFIRMED,NOT_AVAILABLE_KRX_PENDING,True
00100717,(주)아이이,2016,Q3,CFS,-410696210.0,,False,,False,False,128141275552.0,-435177425.0,,,False,NOT_CONFIRMED,NOT_AVAILABLE_KRX_PENDING,True
00100717,(주)아이이,2016,Q4,CFS,-1550297537.0,,False,-142116069548.0,True,True,9306767612.0,7246565556.0,,,False,NOT_CONFIRMED,NOT_AVAILABLE_KRX_PENDING,True
00101044,슈넬생명과학(주),2016,Q1,CFS,-230532711.0,,False,,False,False,74825671284.0,,,,False,NOT_CONFIRMED,NOT_AVAILABLE_KRX_PENDING,True
00101044,슈넬생명과학(주),2016,Q2,CFS,-17324872.0,,False,,False,False,81601829491.0,,,,False,NOT_CONFIRMED,NOT_AVAILABLE_KRX_PENDING,True
00101044,슈넬생명과학(주),2016,Q3,CFS,-449087022.0,,False,,False,False,80676638272.0,161095753.0,,,False,NOT_CONFIRMED,NOT_AVAILABLE_KRX_PENDING,True
00101044,슈넬생명과학(주),2016,Q4,CFS,449572762.0,,False,-4766946975.0,True,True,78120480559.0,-64694179.0,,,False,NOT_CONFIRMED,NOT_AVAILABLE_KRX_PENDING,True
00101220,KG케미칼,2016,Q1,CFS,13458855306.0,,False,,False,False,462816519386.0,28988804063.0,,,False,NOT_CONFIRMED,NOT_AVAILABLE_KRX_PENDING,True
00101220,KG케미칼,2016,Q2,CFS,17221922805.0,,False,,False,False,500620236950.0,2263998036.0,,,False,NOT_CONFIRMED,NOT_AVAILABLE_KRX_PENDING,True
00101220,KG케미칼,2016,Q3,CFS,16349839613.0,,False,,False,False,516131964347.0,28644517425.0,,,False,NOT_CONFIRMED,NOT_AVAILABLE_KRX_PENDING,True
00101220,KG케미칼,2016,Q4,CFS,6278050667.0,,False,28347116846.0,True,True,510212080643.0,-13055846538.0,,,False,NOT_CONFIRMED,NOT_AVAILABLE_KRX_PENDING,True
00101257,경남기업,2016,Q1,,,,False,,False,False,,,,,False,NOT_CONFIRMED,NOT_AVAILABLE_KRX_PENDING,True
00101257,경남기업,2016,Q2,,,,False,,False,False,,,,,False,NOT_CONFIRMED,NOT_AVAILABLE_KRX_PENDING,True
00101257,경남기업,2016,Q3,,,,False,,False,False,,,,,False,NOT_CONFIRMED,NOT_AVAILABLE_KRX_PENDING,True
00101257,경남기업,2016,Q4,,,,False,,True,True,,,,,False,NOT_CONFIRMED,NOT_AVAILABLE_KRX_PENDING,True
00101336,경남에너지주식회사,2016,Q1,,,,False,,False,False,,,,,False,NOT_CONFIRMED,NOT_AVAILABLE_KRX_PENDING,True
00101336,경남에너지주식회사,2016,Q2,,,,False,,False,False,,,,,False,NOT_CONFIRMED,NOT_AVAILABLE_KRX_PENDING,True
00101336,경남에너지주식회사,2016,Q3,,,,False,,False,False,,,,,False,NOT_CONFIRMED,NOT_AVAILABLE_KRX_PENDING,True
00101336,경남에너지주식회사,2016,Q4,,,,False,,True,True,,,,,False,NOT_CONFIRMED,NOT_AVAILABLE_KRX_PENDING,True
00101488,주식회사 경동나비엔,2016,Q1,CFS,15873562772.0,,False,,False,False,216032172682.0,-5376346017.0,,,False,NOT_CONFIRMED,NOT_AVAILABLE_KRX_PENDING,True
00101488,주식회사 경동나비엔,2016,Q2,CFS,12896343315.0,,False,,False,False,225626597408.0,-1056246898.0,,,False,NOT_CONFIRMED,NOT_AVAILABLE_KRX_PENDING,True
00101488,주식회사 경동나비엔,2016,Q3,CFS,7231330377.0,,False,,False,False,227693633396.0,-2225865252.0,,,False,NOT_CONFIRMED,NOT_AVAILABLE_KRX_PENDING,True
00101488,주식회사 경동나비엔,2016,Q4,CFS,9830700304.0,,False,,True,True,238762190243.0,47095627539.0,,,False,NOT_CONFIRMED,NOT_AVAILABLE_KRX_PENDING,True
00101549,경동제약,2016,Q1,CFS,7176488273.0,,False,,False,False,202024358865.0,,,,False,NOT_CONFIRMED,NOT_AVAILABLE_KRX_PENDING,True
00101549,경동제약,2016,Q2,CFS,6558162724.0,,False,,False,False,205927158824.0,,,,False,NOT_CONFIRMED,NOT_AVAILABLE_KRX_PENDING,True
00101549,경동제약,2016,Q3,CFS,7026616243.0,,False,,False,False,206191217760.0,,,,False,NOT_CONFIRMED,NOT_AVAILABLE_KRX_PENDING,True
00101549,경동제약,2016,Q4,CFS,5514192682.0,,False,16949412043.0,True,True,208571469647.0,,,,False,NOT_CONFIRMED,NOT_AVAILABLE_KRX_PENDING,True
00101628,(주)경방,2016,Q1,CFS,7185874454.0,,False,,False,False,662563977436.0,,,,False,NOT_CONFIRMED,NOT_AVAILABLE_KRX_PENDING,True
00101628,(주)경방,2016,Q2,CFS,10443005565.0,,False,,False,False,674031401297.0,,,,False,NOT_CONFIRMED,NOT_AVAILABLE_KRX_PENDING,True
00101628,(주)경방,2016,Q3,CFS,10546938903.0,,False,,False,False,679548714477.0,19521074432.0,,,False,NOT_CONFIRMED,NOT_AVAILABLE_KRX_PENDING,True
00101628,(주)경방,2016,Q4,CFS,15260750058.0,,False,,True,True,679843399077.0,18593626694.0,,,False,NOT_CONFIRMED,NOT_AVAILABLE_KRX_PENDING,True
00101664,경보제약,2016,Q1,OFS,5423636135.0,,False,,False,False,120398398413.0,12955183969.0,,,False,NOT_CONFIRMED,NOT_AVAILABLE_KRX_PENDING,True
00101664,경보제약,2016,Q2,OFS,4277501197.0,,False,,False,False,123498181275.0,-14162351456.0,,,False,NOT_CONFIRMED,NOT_AVAILABLE_KRX_PENDING,True
00101664,경보제약,2016,Q3,OFS,2400451971.0,,False,,False,False,124638350619.0,1985390834.0,,,False,NOT_CONFIRMED,NOT_AVAILABLE_KRX_PENDING,True
00101664,경보제약,2016,Q4,OFS,3492637281.0,,False,12705929801.0,True,True,129402339511.0,-26183436677.0,,,False,NOT_CONFIRMED,NOT_AVAILABLE_KRX_PENDING,True
00101752,(주)케이씨피드,2016,Q1,CFS,672805957.0,,False,,False,False,44137250643.0,-2291335279.0,,,False,NOT_CONFIRMED,NOT_AVAILABLE_KRX_PENDING,True
00101752,(주)케이씨피드,2016,Q2,CFS,877572437.0,,False,,False,False,44708751324.0,2113319340.0,,,False,NOT_CONFIRMED,NOT_AVAILABLE_KRX_PENDING,True
00101752,(주)케이씨피드,2016,Q3,CFS,289842494.0,,False,,False,False,53128687435.0,-1514468836.0,,,False,NOT_CONFIRMED,NOT_AVAILABLE_KRX_PENDING,True
00101752,(주)케이씨피드,2016,Q4,CFS,61267993.0,,False,754703457.0,True,True,52101913632.0,1911863152.0,,,False,NOT_CONFIRMED,NOT_AVAILABLE_KRX_PENDING,True
00102113,(주)경인양행,2016,Q1,CFS,771635091.0,,False,,False,False,198646682163.0,8283133576.0,,,False,NOT_CONFIRMED,NOT_AVAILABLE_KRX_PENDING,True
00102113,(주)경인양행,2016,Q2,CFS,6549925875.0,,False,,False,False,203427337757.0,6183887391.0,,,False,NOT_CONFIRMED,NOT_AVAILABLE_KRX_PENDING,True
00102113,(주)경인양행,2016,Q3,CFS,1490463901.0,,False,,False,False,205024850782.0,5003078440.0,,,False,NOT_CONFIRMED,NOT_AVAILABLE_KRX_PENDING,True
00102113,(주)경인양행,2016,Q4,CFS,1765156449.0,,False,6837522077.0,True,True,208293196152.0,-9559846204.0,,,False,NOT_CONFIRMED,NOT_AVAILABLE_KRX_PENDING,True
00102618,계양전기 주식회사,2016,Q1,CFS,4693614049.0,,False,,False,False,166601120883.0,-1587487690.0,,,False,NOT_CONFIRMED,NOT_AVAILABLE_KRX_PENDING,True
00102618,계양전기 주식회사,2016,Q2,CFS,4945123256.0,,False,,False,False,174891535493.0,2734660449.0,,,False,NOT_CONFIRMED,NOT_AVAILABLE_KRX_PENDING,True
00102618,계양전기 주식회사,2016,Q3,CFS,3851087648.0,,False,,False,False,176840235654.0,-418097926.0,,,False,NOT_CONFIRMED,NOT_AVAILABLE_KRX_PENDING,True
00102618,계양전기 주식회사,2016,Q4,CFS,1965156397.0,,False,17233731189.0,True,True,179133111299.0,-3994552283.0,,,False,NOT_CONFIRMED,NOT_AVAILABLE_KRX_PENDING,True
00102751,고려산업주식회사,2016,Q1,CFS,2938069218.0,,False,,False,False,80502386125.0,4935582959.0,,,False,NOT_CONFIRMED,NOT_AVAILABLE_KRX_PENDING,True
00102751,고려산업주식회사,2016,Q2,CFS,1031354648.0,,False,,False,False,81203889201.0,1103392796.0,,,False,NOT_CONFIRMED,NOT_AVAILABLE_KRX_PENDING,True
00102751,고려산업주식회사,2016,Q3,CFS,1780194341.0,,False,,False,False,85632015432.0,4807557725.0,,,False,NOT_CONFIRMED,NOT_AVAILABLE_KRX_PENDING,True
00102751,고려산업주식회사,2016,Q4,CFS,929665746.0,,False,6852573362.0,True,True,85020282528.0,1252718345.0,,,False,NOT_CONFIRMED,NOT_AVAILABLE_KRX_PENDING,True
00102760,두산건설(주),2016,Q1,CFS,24483474680.0,,False,,False,False,1312387890546.0,9176040449.0,,,False,NOT_CONFIRMED,NOT_AVAILABLE_KRX_PENDING,True
00102760,두산건설(주),2016,Q2,CFS,1810671948.0,,False,,False,False,1287309776244.0,-126407257418.0,,,False,NOT_CONFIRMED,NOT_AVAILABLE_KRX_PENDING,True
00102760,두산건설(주),2016,Q3,CFS,2346327763.0,,False,,False,False,1262589275607.0,-77137903260.0,,,False,NOT_CONFIRMED,NOT_AVAILABLE_KRX_PENDING,True
00102760,두산건설(주),2016,Q4,CFS,-15845459480.0,,False,,True,True,1064676566637.0,85843143535.0,,,False,NOT_CONFIRMED,NOT_AVAILABLE_KRX_PENDING,True
00102858,고려아연(주),2016,Q1,CFS,187259258022.0,,False,,False,False,5199221039953.0,222018066883.0,,,False,NOT_CONFIRMED,NOT_AVAILABLE_KRX_PENDING,True
00102858,고려아연(주),2016,Q2,CFS,180164079862.0,,False,,False,False,5331977325784.0,107262933976.0,,,False,NOT_CONFIRMED,NOT_AVAILABLE_KRX_PENDING,True
00102858,고려아연(주),2016,Q3,CFS,160837577123.0,,False,,False,False,5439998264479.0,70797438454.0,,,False,NOT_CONFIRMED,NOT_AVAILABLE_KRX_PENDING,True
00102858,고려아연(주),2016,Q4,CFS,236423672870.0,,False,594584342454.0,True,True,5662704694368.0,93861627195.0,,,False,NOT_CONFIRMED,NOT_AVAILABLE_KRX_PENDING,True
00103006,고려제강,2016,Q1,CFS,9181373558.0,,False,,False,False,1493111384711.0,-27953397768.0,,,False,NOT_CONFIRMED,NOT_AVAILABLE_KRX_PENDING,True
00103006,고려제강,2016,Q2,CFS,10801558070.0,,False,,False,False,1493184809764.0,21069241234.0,,,False,NOT_CONFIRMED,NOT_AVAILABLE_KRX_PENDING,True
00103006,고려제강,2016,Q3,CFS,11760237124.0,,False,,False,False,1464485960655.0,-18691170632.0,,,False,NOT_CONFIRMED,NOT_AVAILABLE_KRX_PENDING,True
00103006,고려제강,2016,Q4,CFS,5274417570.0,,False,40289726891.0,True,True,1482333327488.0,-23401225261.0,,,False,NOT_CONFIRMED,NOT_AVAILABLE_KRX_PENDING,True
00103042,(주)케이씨티시,2016,Q1,CFS,3179633533.0,,False,,False,False,173670579625.0,-2923362670.0,,,False,NOT_CONFIRMED,NOT_AVAILABLE_KRX_PENDING,True
00103042,(주)케이씨티시,2016,Q2,CFS,5387541644.0,,False,,False,False,177631196000.0,5075063432.0,,,False,NOT_CONFIRMED,NOT_AVAILABLE_KRX_PENDING,True
00103042,(주)케이씨티시,2016,Q3,CFS,2725351836.0,,False,,False,False,177153955030.0,8321733587.0,,,False,NOT_CONFIRMED,NOT_AVAILABLE_KRX_PENDING,True
00103042,(주)케이씨티시,2016,Q4,CFS,2374042615.0,,False,8228580660.0,True,True,178530327247.0,-1580182163.0,,,False,NOT_CONFIRMED,NOT_AVAILABLE_KRX_PENDING,True
00103510,인지컨트롤스(주),2016,Q1,CFS,5923875232.0,,False,,False,False,204026139056.0,,,,False,NOT_CONFIRMED,NOT_AVAILABLE_KRX_PENDING,True
00103510,인지컨트롤스(주),2016,Q2,CFS,5799789432.0,,False,,False,False,204228075710.0,,,,False,NOT_CONFIRMED,NOT_AVAILABLE_KRX_PENDING,True
00103510,인지컨트롤스(주),2016,Q3,CFS,4153167567.0,,False,,False,False,201277900769.0,,,,False,NOT_CONFIRMED,NOT_AVAILABLE_KRX_PENDING,True
00103510,인지컨트롤스(주),2016,Q4,CFS,2493240571.0,,False,11542486160.0,True,True,207802871609.0,,,,False,NOT_CONFIRMED,NOT_AVAILABLE_KRX_PENDING,True
