corp_code,business_year,fiscal_quarter,receipt_no,receipt_date,source_status,statement_basis,period_end,operating_profit_cumulative,operating_profit_q,net_income_cumulative,net_income_q,equity_q_end,cfo_cumulative,cfo_q,capex_ppe_cumulative,capex_ppe_q_spend,capex_intangible_cumulative,capex_intangible_q_spend,capex_q_spend,fcf_q,basis_comparable_to_immediate_predecessor,signal_date_status,source_type,modern_oos_protected
00100601,2015,Q1,20150515001283,20150515,ok,OFS,2015-03-31,132942297.0,132942297.0,-810103145.0,-810103145.0,52042594369.0,-5676701480.0,-5676701480.0,0.0,0.0,0.0,0.0,0.0,-5676701480.0,True,NOT_ASSIGNED_ACCOUNTING_STAGE,ORIGINAL_RECEIPT_XBRL,True
00100601,2015,Q2,20150817000816,20150817,ok,OFS,2015-06-30,-286684231.0,-419626528.0,-345640195.0,464462950.0,54301074783.0,-1945235967.0,3731465513.0,0.0,0.0,0.0,0.0,0.0,3731465513.0,True,NOT_ASSIGNED_ACCOUNTING_STAGE,ORIGINAL_RECEIPT_XBRL,True
00100601,2015,Q3,20151116000261,20151116,ok,CFS,2015-09-30,153474540.0,,-135539888.0,,56573764626.0,3866669067.0,,493239644.0,,0.0,,,,False,NOT_ASSIGNED_ACCOUNTING_STAGE,ORIGINAL_RECEIPT_XBRL,True
00100601,2015,Q4,,,ok,CFS,,447206471.0,293731931.0,102481866.0,238021754.0,56583900588.0,9499050329.0,5632381262.0,0.0,493239644.0,0.0,0.0,493239644.0,5139141618.0,True,NOT_ASSIGNED_ACCOUNTING_STAGE,FY_FULL_API_ACCOUNTING_ONLY,True
00100717,2015,Q1,20150514005164,20150514,ok,CFS,2015-03-31,843842173.0,843842173.0,642706275.0,642706275.0,42999168120.0,-314325536.0,-314325536.0,0.0,0.0,0.0,0.0,0.0,-314325536.0,True,NOT_ASSIGNED_ACCOUNTING_STAGE,ORIGINAL_RECEIPT_XBRL,True
00100717,2015,Q2,20150813000358,20150813,ok,CFS,2015-06-30,842799775.0,-1042398.0,362418805.0,-280287470.0,62151390249.0,652894446.0,967219982.0,0.0,0.0,0.0,0.0,0.0,967219982.0,True,NOT_ASSIGNED_ACCOUNTING_STAGE,ORIGINAL_RECEIPT_XBRL,True
00100717,2015,Q3,20151113000903,20151113,ok,CFS,2015-09-30,394284440.0,-448515335.0,-320197913.0,-682616718.0,65621210621.0,1023390813.0,370496367.0,0.0,0.0,0.0,0.0,0.0,370496367.0,True,NOT_ASSIGNED_ACCOUNTING_STAGE,ORIGINAL_RECEIPT_XBRL,True
00100717,2015,Q4,,,ok,CFS,,-223982683.0,-618267123.0,-12371237076.0,-12051039163.0,56027347742.0,1034112603.0,10721790.0,81173762.0,81173762.0,0.0,0.0,81173762.0,-70451972.0,True,NOT_ASSIGNED_ACCOUNTING_STAGE,FY_FULL_API_ACCOUNTING_ONLY,True
00100957,2015,Q1,20150515000632,20150515,no_xbrl_zip,,,,,,,,,,,,,,,,,,,True
00100957,2015,Q2,20150813001403,20150813,no_xbrl_zip,,,,,,,,,,,,,,,,,,,True
00100957,2015,Q3,20151113001083,20151113,no_xbrl_zip,,,,,,,,,,,,,,,,,,,True
00100957,2015,Q4,,,no_data,CFS,,,,,,,,,,,,,,,False,NOT_ASSIGNED_ACCOUNTING_STAGE,FY_FULL_API_ACCOUNTING_ONLY,True
00101044,2015,Q1,20150514002237,20150514,ok,CFS,2015-03-31,-242825492.0,-242825492.0,-220911205.0,-220911205.0,62448512662.0,2101253271.0,2101253271.0,435311850.0,435311850.0,450249600.0,450249600.0,885561450.0,1215691821.0,True,NOT_ASSIGNED_ACCOUNTING_STAGE,ORIGINAL_RECEIPT_XBRL,True
00101044,2015,Q2,20150728000163,20150728,ok,CFS,2015-06-30,-640567987.0,-397742495.0,1400644322.0,1621555527.0,67150120975.0,2424946311.0,323693040.0,1729382490.0,1294070640.0,1100000000.0,649750400.0,1943821040.0,-1620128000.0,True,NOT_ASSIGNED_ACCOUNTING_STAGE,ORIGINAL_RECEIPT_XBRL,True
00101044,2015,Q3,20151113000562,20151113,ok,CFS,2015-09-30,-1140293975.0,-499725988.0,1429360226.0,28715904.0,66881349776.0,1771341934.0,-653604377.0,3144144837.0,1414762347.0,1450249600.0,350249600.0,1765011947.0,-2418616324.0,True,NOT_ASSIGNED_ACCOUNTING_STAGE,ORIGINAL_RECEIPT_XBRL,True
00101044,2015,Q4,,,ok,CFS,,-866307607.0,273986368.0,1552630149.0,123269923.0,67745286496.0,1847053051.0,75711117.0,5369472763.0,2225327926.0,2165249600.0,715000000.0,2940327926.0,-2864616809.0,True,NOT_ASSIGNED_ACCOUNTING_STAGE,FY_FULL_API_ACCOUNTING_ONLY,True
00101220,2015,Q1,20150515002644,20150515,ok,CFS,2015-03-31,14098133232.0,14098133232.0,8652702668.0,8652702668.0,449865125264.0,-23254463497.0,-23254463497.0,1962278717.0,1962278717.0,1416550029.0,1416550029.0,3378828746.0,-26633292243.0,True,NOT_ASSIGNED_ACCOUNTING_STAGE,ORIGINAL_RECEIPT_XBRL,True
00101220,2015,Q2,20150817001162,20150817,ok,CFS,2015-06-30,26726733394.0,12628600162.0,12333943233.0,3681240565.0,451053495327.0,-40659425837.0,-17404962340.0,7239012023.0,5276733306.0,3123819848.0,1707269819.0,6984003125.0,-24388965465.0,True,NOT_ASSIGNED_ACCOUNTING_STAGE,ORIGINAL_RECEIPT_XBRL,True
00101220,2015,Q3,20151116001327,20151116,ok,CFS,2015-09-30,38586108926.0,11859375532.0,19320290665.0,6986347432.0,442913333914.0,-21009237585.0,19650188252.0,8675247350.0,1436235327.0,3841190679.0,717370831.0,2153606158.0,17496582094.0,True,NOT_ASSIGNED_ACCOUNTING_STAGE,ORIGINAL_RECEIPT_XBRL,True
00101220,2015,Q4,,,ok,CFS,,45359740089.0,6773631163.0,41854915971.0,22534625306.0,464019139958.0,-52792777983.0,-31783540398.0,16589875121.0,7914627771.0,3020021755.0,821168924.0,8735796695.0,-40519337093.0,True,NOT_ASSIGNED_ACCOUNTING_STAGE,FY_FULL_API_ACCOUNTING_ONLY,True
00101257,2015,Q1,20150515002883,20150515,ok,CFS,2015-03-31,-26660220113.0,-26660220113.0,-49893017522.0,-49893017522.0,-186219722761.0,-19849861810.0,-19849861810.0,0.0,0.0,0.0,0.0,0.0,-19849861810.0,True,NOT_ASSIGNED_ACCOUNTING_STAGE,ORIGINAL_RECEIPT_XBRL,True
00101257,2015,Q2,20150817001771,20150817,ok,CFS,2015-06-30,-315102626629.0,-288442406516.0,-621325501333.0,-571432483811.0,-869073875463.0,-14750916573.0,5098945237.0,0.0,0.0,0.0,0.0,0.0,5098945237.0,True,NOT_ASSIGNED_ACCOUNTING_STAGE,ORIGINAL_RECEIPT_XBRL,True
00101257,2015,Q3,20151116000013,20151116,ok,CFS,2015-09-30,-318075033891.0,-2972407262.0,-600649259201.0,20676242132.0,-848679983913.0,30840859564.0,45591776137.0,0.0,0.0,0.0,0.0,0.0,45591776137.0,True,NOT_ASSIGNED_ACCOUNTING_STAGE,ORIGINAL_RECEIPT_XBRL,True
00101257,2015,Q4,,,ok,CFS,,-324947783534.0,-6872749643.0,-696451806779.0,-95802547578.0,-950527655880.0,18355843608.0,-12485015956.0,0.0,0.0,0.0,0.0,0.0,-12485015956.0,True,NOT_ASSIGNED_ACCOUNTING_STAGE,FY_FULL_API_ACCOUNTING_ONLY,True
00101336,2015,Q1,20150514000343,20150514,ok,CFS,2015-03-31,5691366559.0,5691366559.0,4956498581.0,4956498581.0,310092188379.0,23529928843.0,23529928843.0,4403608496.0,4403608496.0,119064836.0,119064836.0,4522673332.0,19007255511.0,True,NOT_ASSIGNED_ACCOUNTING_STAGE,ORIGINAL_RECEIPT_XBRL,True
00101336,2015,Q2,20150813000087,20150813,ok,CFS,2015-06-30,12637887291.0,6946520732.0,12272089634.0,7315591053.0,316381664069.0,20546452828.0,-2983476015.0,12705679538.0,8302071042.0,177221989.0,58157153.0,8360228195.0,-11343704210.0,True,NOT_ASSIGNED_ACCOUNTING_STAGE,ORIGINAL_RECEIPT_XBRL,True
00101336,2015,Q3,20151113000536,20151113,ok,CFS,2015-09-30,9788315904.0,-2849571387.0,12837465665.0,565376031.0,315664174246.0,28093985198.0,7547532370.0,26609246311.0,13903566773.0,218418976.0,41196987.0,13944763760.0,-6397231390.0,True,NOT_ASSIGNED_ACCOUNTING_STAGE,ORIGINAL_RECEIPT_XBRL,True
00101336,2015,Q4,,,ok,CFS,,19767569699.0,9979253795.0,22511018977.0,9673553312.0,323274220607.0,48997034644.0,20903049446.0,42956523642.0,16347277331.0,437768896.0,219349920.0,16566627251.0,4336422195.0,True,NOT_ASSIGNED_ACCOUNTING_STAGE,FY_FULL_API_ACCOUNTING_ONLY,True
00101488,2015,Q1,20150514002716,20150514,ok,CFS,2015-03-31,5499426458.0,5499426458.0,2973597723.0,2973597723.0,191790786715.0,4091641612.0,4091641612.0,0.0,0.0,0.0,0.0,0.0,4091641612.0,True,NOT_ASSIGNED_ACCOUNTING_STAGE,ORIGINAL_RECEIPT_XBRL,True
00101488,2015,Q2,20150813000964,20150813,ok,CFS,2015-06-30,9783085766.0,4283659308.0,6024682899.0,3051085176.0,195827059653.0,-7894951783.0,-11986593395.0,0.0,0.0,0.0,0.0,0.0,-11986593395.0,True,NOT_ASSIGNED_ACCOUNTING_STAGE,ORIGINAL_RECEIPT_XBRL,True
00101488,2015,Q3,20151116000075,20151116,ok,CFS,2015-09-30,13765463957.0,3982378191.0,10969460444.0,4944777545.0,201374498894.0,-5869873148.0,2025078635.0,0.0,0.0,0.0,0.0,0.0,2025078635.0,True,NOT_ASSIGNED_ACCOUNTING_STAGE,ORIGINAL_RECEIPT_XBRL,True
00101488,2015,Q4,,,ok,CFS,,24222980512.0,10457516555.0,16751999580.0,5782539136.0,206076608904.0,43719574132.0,49589447280.0,0.0,0.0,0.0,0.0,0.0,49589447280.0,True,NOT_ASSIGNED_ACCOUNTING_STAGE,FY_FULL_API_ACCOUNTING_ONLY,True
00101549,2015,Q1,20150515000051,20150515,ok,CFS,2015-03-31,7758503712.0,7758503712.0,5333938085.0,5333938085.0,190186582673.0,7619222101.0,7619222101.0,2529714995.0,2529714995.0,0.0,0.0,2529714995.0,5089507106.0,True,NOT_ASSIGNED_ACCOUNTING_STAGE,ORIGINAL_RECEIPT_XBRL,True
00101549,2015,Q2,20150813000650,20150813,ok,CFS,2015-06-30,16081186716.0,8322683004.0,10362724511.0,5028786426.0,198962278255.0,7933027631.0,313805530.0,5771818489.0,3242103494.0,231789600.0,231789600.0,3473893094.0,-3160087564.0,True,NOT_ASSIGNED_ACCOUNTING_STAGE,ORIGINAL_RECEIPT_XBRL,True
00101549,2015,Q3,20151116000278,20151116,ok,CFS,2015-09-30,21684028057.0,5602841341.0,9864071214.0,-498653297.0,202414003088.0,8466427809.0,533400178.0,7320043947.0,1548225458.0,397289600.0,165500000.0,1713725458.0,-1180325280.0,True,NOT_ASSIGNED_ACCOUNTING_STAGE,ORIGINAL_RECEIPT_XBRL,True
00101549,2015,Q4,,,ok,CFS,,26019496714.0,4335468657.0,13277248992.0,3413177778.0,204439578745.0,18257173247.0,9790745438.0,10687094113.0,3367050166.0,408729600.0,11440000.0,3378490166.0,6412255272.0,True,NOT_ASSIGNED_ACCOUNTING_STAGE,FY_FULL_API_ACCOUNTING_ONLY,True
00101628,2015,Q1,20150515001125,20150515,ok,CFS,2015-03-31,7932792671.0,7932792671.0,5267195219.0,5267195219.0,651413557876.0,4354437360.0,4354437360.0,0.0,0.0,0.0,0.0,0.0,4354437360.0,True,NOT_ASSIGNED_ACCOUNTING_STAGE,ORIGINAL_RECEIPT_XBRL,True
00101628,2015,Q2,20150817001163,20150817,ok,CFS,2015-06-30,18106376115.0,10173583444.0,12070384821.0,6803189602.0,658240025181.0,7683510072.0,3329072712.0,0.0,0.0,0.0,0.0,0.0,3329072712.0,True,NOT_ASSIGNED_ACCOUNTING_STAGE,ORIGINAL_RECEIPT_XBRL,True
00101628,2015,Q3,20151116001055,20151116,ok,CFS,2015-09-30,27324545942.0,9218169827.0,14774713026.0,2704328205.0,661186200190.0,26661656898.0,18978146826.0,0.0,0.0,0.0,0.0,0.0,18978146826.0,True,NOT_ASSIGNED_ACCOUNTING_STAGE,ORIGINAL_RECEIPT_XBRL,True
00101628,2015,Q4,,,ok,CFS,,38961511221.0,11636965279.0,16692163219.0,1917450193.0,662952917600.0,39920579766.0,13258922868.0,0.0,0.0,0.0,0.0,0.0,13258922868.0,True,NOT_ASSIGNED_ACCOUNTING_STAGE,FY_FULL_API_ACCOUNTING_ONLY,True
00101664,2015,Q1,,,no_receipt,,,,,,,,,,,,,,,,,,,True
00101664,2015,Q2,20150817000564,20150817,ok,OFS,2015-06-30,13711391528.0,,10690153990.0,,108836221703.0,8728619661.0,,0.0,,0.0,,,,False,NOT_ASSIGNED_ACCOUNTING_STAGE,ORIGINAL_RECEIPT_XBRL,True
00101664,2015,Q3,20151116001104,20151116,ok,OFS,2015-09-30,19809819696.0,6098428168.0,15781798613.0,5091644623.0,112964401546.0,9024893834.0,296274173.0,0.0,0.0,0.0,0.0,0.0,296274173.0,True,NOT_ASSIGNED_ACCOUNTING_STAGE,ORIGINAL_RECEIPT_XBRL,True
00101664,2015,Q4,,,ok,OFS,,25632335257.0,5822515561.0,26109623151.0,10327824538.0,122817150566.0,4240141966.0,-4784751868.0,0.0,0.0,0.0,0.0,0.0,-4784751868.0,True,NOT_ASSIGNED_ACCOUNTING_STAGE,FY_FULL_API_ACCOUNTING_ONLY,True
00101752,2015,Q1,20150514004483,20150514,ok,CFS,2015-03-31,-127691162.0,-127691162.0,-604588062.0,-604588062.0,45498435597.0,2914838966.0,2914838966.0,0.0,0.0,0.0,0.0,0.0,2914838966.0,True,NOT_ASSIGNED_ACCOUNTING_STAGE,ORIGINAL_RECEIPT_XBRL,True
00101752,2015,Q2,20150813000507,20150813,ok,CFS,2015-06-30,-539223757.0,-411532595.0,-1139786347.0,-535198285.0,44960646883.0,4945029457.0,2030190491.0,0.0,0.0,0.0,0.0,0.0,2030190491.0,True,NOT_ASSIGNED_ACCOUNTING_STAGE,ORIGINAL_RECEIPT_XBRL,True
00101752,2015,Q3,20151113000614,20151113,ok,CFS,2015-09-30,-630496411.0,-91272654.0,-2517297989.0,-1377511642.0,43523331183.0,4258477537.0,-686551920.0,0.0,0.0,0.0,0.0,0.0,-686551920.0,True,NOT_ASSIGNED_ACCOUNTING_STAGE,ORIGINAL_RECEIPT_XBRL,True
00101752,2015,Q4,,,ok,CFS,,-374134362.0,256362049.0,-2142465766.0,374832223.0,44140243190.0,3532102241.0,-726375296.0,0.0,0.0,0.0,0.0,0.0,-726375296.0,True,NOT_ASSIGNED_ACCOUNTING_STAGE,FY_FULL_API_ACCOUNTING_ONLY,True
00102113,2015,Q1,20150515000371,20150515,ok,CFS,2015-03-31,714417090.0,714417090.0,450688246.0,450688246.0,196988957835.0,-736060420.0,-736060420.0,1634397166.0,1634397166.0,76343400.0,76343400.0,1710740566.0,-2446800986.0,True,NOT_ASSIGNED_ACCOUNTING_STAGE,ORIGINAL_RECEIPT_XBRL,True
00102113,2015,Q2,20150813001318,20150813,ok,CFS,2015-06-30,4674346625.0,3959929535.0,4046314920.0,3595626674.0,201127105301.0,-6511237614.0,-5775177194.0,3578615165.0,1944217999.0,76343400.0,0.0,1944217999.0,-7719395193.0,True,NOT_ASSIGNED_ACCOUNTING_STAGE,ORIGINAL_RECEIPT_XBRL,True
00102113,2015,Q3,20151116000626,20151116,ok,CFS,2015-09-30,6025456816.0,1351110191.0,4035384894.0,-10930026.0,201904225471.0,-7959118206.0,-1447880592.0,5980564168.0,2401949003.0,76343400.0,0.0,2401949003.0,-3849829595.0,True,NOT_ASSIGNED_ACCOUNTING_STAGE,ORIGINAL_RECEIPT_XBRL,True
00102113,2015,Q4,,,ok,CFS,,6718133779.0,692676963.0,3670894653.0,-364490241.0,201125303678.0,5444861072.0,13403979278.0,10455012352.0,4474448184.0,76343400.0,0.0,4474448184.0,8929531094.0,True,NOT_ASSIGNED_ACCOUNTING_STAGE,FY_FULL_API_ACCOUNTING_ONLY,True
00102618,2015,Q1,20150515002339,20150515,ok,CFS,2015-03-31,2982641323.0,2982641323.0,2792615625.0,2792615625.0,154205260822.0,7688360725.0,7688360725.0,2410936905.0,2410936905.0,249009639.0,249009639.0,2659946544.0,5028414181.0,True,NOT_ASSIGNED_ACCOUNTING_STAGE,ORIGINAL_RECEIPT_XBRL,True
00102618,2015,Q2,20150813000727,20150813,ok,CFS,2015-06-30,5166686944.0,2184045621.0,5907873922.0,3115258297.0,157442327256.0,3445475545.0,-4242885180.0,5918740368.0,3507803463.0,554445380.0,305435741.0,3813239204.0,-8056124384.0,True,NOT_ASSIGNED_ACCOUNTING_STAGE,ORIGINAL_RECEIPT_XBRL,True
00102618,2015,Q3,20151116000610,20151116,ok,CFS,2015-09-30,7247002549.0,2080315605.0,9292481253.0,3384607331.0,161116791310.0,11708131619.0,8262656074.0,14584870634.0,8666130266.0,955919188.0,401473808.0,9067604074.0,-804948000.0,True,NOT_ASSIGNED_ACCOUNTING_STAGE,ORIGINAL_RECEIPT_XBRL,True
00102618,2015,Q4,,,ok,CFS,,7103017012.0,-143985537.0,9581186296.0,288705043.0,160448786409.0,19205121793.0,7496990174.0,25414093430.0,10829222796.0,1419633423.0,463714235.0,11292937031.0,-3795946857.0,True,NOT_ASSIGNED_ACCOUNTING_STAGE,FY_FULL_API_ACCOUNTING_ONLY,True
00102751,2015,Q1,20150514001203,20150514,ok,CFS,2015-03-31,3636685902.0,3636685902.0,2509614640.0,2509614640.0,76957965583.0,10036363111.0,10036363111.0,654276149.0,654276149.0,0.0,0.0,654276149.0,9382086962.0,True,NOT_ASSIGNED_ACCOUNTING_STAGE,ORIGINAL_RECEIPT_XBRL,True
00102751,2015,Q2,20150813000508,20150813,ok,CFS,2015-06-30,5702746326.0,2066060424.0,4008103236.0,1498488596.0,78359414636.0,11153445400.0,1117082289.0,1678724779.0,1024448630.0,20482000.0,20482000.0,1044930630.0,72151659.0,True,NOT_ASSIGNED_ACCOUNTING_STAGE,ORIGINAL_RECEIPT_XBRL,True
00102751,2015,Q3,20151116000906,20151116,ok,CFS,2015-09-30,6667210197.0,964463871.0,4939538974.0,931435738.0,78739645818.0,5000504608.0,-6152940792.0,2259976349.0,581251570.0,20482000.0,0.0,581251570.0,-6734192362.0,True,NOT_ASSIGNED_ACCOUNTING_STAGE,ORIGINAL_RECEIPT_XBRL,True
00102751,2015,Q4,,,ok,CFS,,6761497543.0,94287346.0,5400030676.0,460491702.0,79342018649.0,9550784347.0,4550279739.0,3761586241.0,1501609892.0,20482000.0,0.0,1501609892.0,3048669847.0,True,NOT_ASSIGNED_ACCOUNTING_STAGE,FY_FULL_API_ACCOUNTING_ONLY,True
00102760,2015,Q1,,,no_receipt,,,,,,,,,,,,,,,,,,,True
00102760,2015,Q2,,,no_receipt,,,,,,,,,,,,,,,,,,,True
00102760,2015,Q3,20151116000622,20151116,ok,CFS,2015-09-30,29305474128.0,,-145334493409.0,,1784572286428.0,-58569915716.0,,0.0,,0.0,,,,False,NOT_ASSIGNED_ACCOUNTING_STAGE,ORIGINAL_RECEIPT_XBRL,True
00102760,2015,Q4,,,ok,CFS,,-166913340303.0,-196218814431.0,-520745748025.0,-375411254616.0,1414306892213.0,215007598329.0,273577514045.0,0.0,0.0,0.0,0.0,0.0,273577514045.0,True,NOT_ASSIGNED_ACCOUNTING_STAGE,FY_FULL_API_ACCOUNTING_ONLY,True
00102858,2015,Q1,20150515001430,20150515,ok,CFS,2015-03-31,172760383903.0,172760383903.0,131892717226.0,131892717226.0,4816905840829.0,259875209430.0,259875209430.0,0.0,0.0,0.0,0.0,0.0,259875209430.0,True,NOT_ASSIGNED_ACCOUNTING_STAGE,ORIGINAL_RECEIPT_XBRL,True
00102858,2015,Q2,20150817000784,20150817,ok,CFS,2015-06-30,365224936314.0,192464552411.0,285742592662.0,153849875436.0,5028923860734.0,496154386972.0,236279177542.0,283539993042.0,283539993042.0,150000000.0,150000000.0,283689993042.0,-47410815500.0,True,NOT_ASSIGNED_ACCOUNTING_STAGE,ORIGINAL_RECEIPT_XBRL,True
00102858,2015,Q3,20151116000577,20151116,ok,CFS,2015-09-30,543944296830.0,178719360516.0,415486987037.0,129744394375.0,5170141780654.0,762410344269.0,266255957297.0,387494325572.0,103954332530.0,150000000.0,0.0,103954332530.0,162301624767.0,True,NOT_ASSIGNED_ACCOUNTING_STAGE,ORIGINAL_RECEIPT_XBRL,True
00102858,2015,Q4,,,ok,CFS,,672218933053.0,128274636223.0,513990324342.0,98503337305.0,5219368828324.0,944860095270.0,182449751001.0,479884968664.0,92390643092.0,301121860.0,151121860.0,92541764952.0,89907986049.0,True,NOT_ASSIGNED_ACCOUNTING_STAGE,FY_FULL_API_ACCOUNTING_ONLY,True
00103006,2015,Q1,20150515001128,20150515,ok,CFS,2015-03-31,13578287235.0,13578287235.0,3746278379.0,3746278379.0,1478692385721.0,-9580527957.0,-9580527957.0,0.0,0.0,0.0,0.0,0.0,-9580527957.0,True,NOT_ASSIGNED_ACCOUNTING_STAGE,ORIGINAL_RECEIPT_XBRL,True
00103006,2015,Q2,20150813000409,20150813,ok,CFS,2015-06-30,28560048221.0,14981760986.0,15453576024.0,11707297645.0,1501886799892.0,91498124225.0,101078652182.0,0.0,0.0,0.0,0.0,0.0,101078652182.0,True,NOT_ASSIGNED_ACCOUNTING_STAGE,ORIGINAL_RECEIPT_XBRL,True
00103006,2015,Q3,20151113000519,20151113,ok,CFS,2015-09-30,31709880143.0,3149831922.0,10559523264.0,-4894052760.0,1477363146955.0,128392709011.0,36894584786.0,0.0,0.0,0.0,0.0,0.0,36894584786.0,True,NOT_ASSIGNED_ACCOUNTING_STAGE,ORIGINAL_RECEIPT_XBRL,True
00103006,2015,Q4,,,ok,CFS,,44349958108.0,12640077965.0,18346363930.0,7786840666.0,1456028585605.0,200742673806.0,72349964795.0,0.0,0.0,0.0,0.0,0.0,72349964795.0,True,NOT_ASSIGNED_ACCOUNTING_STAGE,FY_FULL_API_ACCOUNTING_ONLY,True
00103042,2015,Q1,20150515002375,20150515,ok,CFS,2015-03-31,2772509251.0,2772509251.0,3533303753.0,3533303753.0,167575458611.0,1096831824.0,1096831824.0,9221179814.0,9221179814.0,0.0,0.0,9221179814.0,-8124347990.0,True,NOT_ASSIGNED_ACCOUNTING_STAGE,ORIGINAL_RECEIPT_XBRL,True
00103042,2015,Q2,20150813000958,20150813,ok,CFS,2015-06-30,6820270111.0,4047760860.0,1015395483.0,-2517908270.0,164924093069.0,4154677576.0,3057845752.0,16987591105.0,7766411291.0,309138250.0,309138250.0,8075549541.0,-5017703789.0,True,NOT_ASSIGNED_ACCOUNTING_STAGE,ORIGINAL_RECEIPT_XBRL,True
00103042,2015,Q3,20151116000455,20151116,ok,CFS,2015-09-30,11457414303.0,4637144192.0,7215500917.0,6200105434.0,170996823983.0,5355242906.0,1200565330.0,21390561170.0,4402970065.0,597411326.0,288273076.0,4691243141.0,-3490677811.0,True,NOT_ASSIGNED_ACCOUNTING_STAGE,ORIGINAL_RECEIPT_XBRL,True
00103042,2015,Q4,,,ok,CFS,,13385079688.0,1927665385.0,9071982622.0,1856481705.0,172021197230.0,14044650064.0,8689407158.0,37989410638.0,16598849468.0,597105326.0,306000.0,16599155468.0,-7909748310.0,True,NOT_ASSIGNED_ACCOUNTING_STAGE,FY_FULL_API_ACCOUNTING_ONLY,True
00103130,2015,Q1,20150515001113,20150515,ok,CFS,2015-03-31,-483758537.0,-483758537.0,135779204.0,135779204.0,30279240891.0,,,,,,,,,True,NOT_ASSIGNED_ACCOUNTING_STAGE,ORIGINAL_RECEIPT_XBRL,True
00103130,2015,Q2,20150817000637,20150817,ok,CFS,2015-06-30,-783174708.0,-299416171.0,342019677.0,206240473.0,30811623983.0,-11499757850.0,,8287758.0,,0.0,,,,True,NOT_ASSIGNED_ACCOUNTING_STAGE,ORIGINAL_RECEIPT_XBRL,True
00103130,2015,Q3,20151111000103,20151111,ok,CFS,2015-09-30,-780036472.0,3138236.0,2227667508.0,1885647831.0,33507548289.0,-10257156404.0,1242601446.0,-1462515.0,9750273.0,0.0,0.0,9750273.0,1232851173.0,True,NOT_ASSIGNED_ACCOUNTING_STAGE,ORIGINAL_RECEIPT_XBRL,True
00103130,2015,Q4,,,ok,CFS,,-557356647.0,222679825.0,2158057644.0,-69609864.0,39520723678.0,-8120533129.0,2136623275.0,2412411.0,3874926.0,0.0,0.0,3874926.0,2132748349.0,True,NOT_ASSIGNED_ACCOUNTING_STAGE,FY_FULL_API_ACCOUNTING_ONLY,True
